sample_index	16s_primer_index	reverse_complement	identifier	well_number	plate_number	sample_type	sample_name	medium	dilution	time_h	biol_repl	tech_repl	sample	flowcell	lane	experiment1	experiment2	experiment3	erythromycin	antidote	preculture	comments	klebsiella	klebsiellastrain	row	col	count	condition
A1_plate1	1	ATCTAGCCGGCC	A1_plate1_Lisa_cult103_MB001_0_no antidote_20_biol1_tech1_no	A1	plate1	cult103	MB001	MGAM	103	20	biol1	tech1	J8LYJ-lane1A1plate1	J8LYJ	lane1	Lisa	no Stool cult	noMK	0	no antidote	no	none	no	no	A	1	9166	no treatment
B1_plate1	2	TATCTCTTCCTT	B1_plate1_Lisa_cult103_MB002_0_no antidote_20_biol1_tech1_no	B1	plate1	cult103	MB002	MGAM	103	20	biol1	tech1	J8LYJ-lane1B1plate1	J8LYJ	lane1	Lisa	no Stool cult	noMK	0	no antidote	no	none	no	no	B	1	6140	no treatment
C1_plate1	3	TAGATGCCGTCC	C1_plate1_Lisa_cult103_MB003_0_no antidote_20_biol1_tech1_no	C1	plate1	cult103	MB003	MGAM	103	20	biol1	tech1	J8LYJ-lane1C1plate1	J8LYJ	lane1	Lisa	no Stool cult	noMK	0	no antidote	no	none	no	no	C	1	13352	no treatment
D1_plate1	4	CGCTCCTTCCTT	D1_plate1_Lisa_cult103_MB004_0_no antidote_20_biol1_tech1_no	D1	plate1	cult103	MB005	MGAM	103	20	biol1	tech1	J8LYJ-lane1D1plate1	J8LYJ	lane1	Lisa	no Stool cult	noMK	0	no antidote	no	none	no	no	D	1	13234	no treatment
E1_plate1	5	CGAGCGCCGTCC	E1_plate1_Lisa_cult103_MB005_0_no antidote_20_biol1_tech1_no	E1	plate1	cult103	MB006	MGAM	103	20	biol1	tech1	J8LYJ-lane1E1plate1	J8LYJ	lane1	Lisa	no Stool cult	noMK	0	no antidote	no	none	no	no	E	1	12434	no treatment
F1_plate1	6	TCGAGAGTCCGG	F1_plate1_Lisa_cult103_MB006_0_no antidote_20_biol1_tech1_no	F1	plate1	cult103	MB007	MGAM	103	20	biol1	tech1	J8LYJ-lane1F1plate1	J8LYJ	lane1	Lisa	no Stool cult	noMK	0	no antidote	no	none	no	no	F	1	13585	no treatment
G1_plate1	7	GCTCGGCCGGCC	G1_plate1_Lisa_cult103_MB007_0_no antidote_20_biol1_tech1_no	G1	plate1	cult103	MB008	MGAM	103	20	biol1	tech1	J8LYJ-lane1G1plate1	J8LYJ	lane1	Lisa	no Stool cult	noMK	0	no antidote	no	none	no	no	G	1	11708	no treatment
H1_plate1	8	AGCTCAGTCCGG	H1_plate1_Lisa_cult103_MB008_0_no antidote_20_biol1_tech1_no	H1	plate1	cult103	MB009	MGAM	103	20	biol1	tech1	J8LYJ-lane1H1plate1	J8LYJ	lane1	Lisa	no Stool cult	noMK	0	no antidote	no	none	no	no	H	1	20457	no treatment
A2_plate1	9	ACTGCCGCGTCC	A2_plate1_Lisa_cult103_MB001_1.25_no antidote_20_biol1_tech1_no	A2	plate1	cult103	MB001	MGAM	103	20	biol1	tech1	J8LYJ-lane1A2plate1	J8LYJ	lane1	Lisa	no Stool cult	noMK	1.25	no antidote	no	none	no	no	A	2	8320	no antidote
B2_plate1	10	TTACTTCTCCGG	B2_plate1_Lisa_cult103_MB002_1.25_no antidote_20_biol1_tech1_no	B2	plate1	cult103	MB002	MGAM	103	20	biol1	tech1	J8LYJ-lane1B2plate1	J8LYJ	lane1	Lisa	no Stool cult	noMK	1.25	no antidote	no	none	no	no	B	2	11800	no antidote
C2_plate1	11	TGACGCGCGGCC	C2_plate1_Lisa_cult103_MB003_1.25_no antidote_20_biol1_tech1_no	C2	plate1	cult103	MB003	MGAM	103	20	biol1	tech1	J8LYJ-lane1C2plate1	J8LYJ	lane1	Lisa	no Stool cult	noMK	1.25	no antidote	no	none	no	no	C	2	4962	no antidote
D2_plate1	12	AATGATCTCCGG	D2_plate1_Lisa_cult103_MB004_1.25_no antidote_20_biol1_tech1_no	D2	plate1	cult103	MB005	MGAM	103	20	biol1	tech1	J8LYJ-lane1D2plate1	J8LYJ	lane1	Lisa	no Stool cult	noMK	1.25	no antidote	no	none	no	no	D	2	7772	no antidote
E2_plate1	13	AAGCGTACGTCC	E2_plate1_Lisa_cult103_MB005_1.25_no antidote_20_biol1_tech1_no	E2	plate1	cult103	MB006	MGAM	103	20	biol1	tech1	J8LYJ-lane1E2plate1	J8LYJ	lane1	Lisa	no Stool cult	noMK	1.25	no antidote	no	none	no	no	E	2	15205	no antidote
F2_plate1	14	TTATCAGTCCTT	F2_plate1_Lisa_cult103_MB006_1.25_no antidote_20_biol1_tech1_no	F2	plate1	cult103	MB007	MGAM	103	20	biol1	tech1	J8LYJ-lane1F2plate1	J8LYJ	lane1	Lisa	no Stool cult	noMK	1.25	no antidote	no	none	no	no	F	2	14781	no antidote
G2_plate1	15	GTCATCGCGTCC	G2_plate1_Lisa_cult103_MB007_1.25_no antidote_20_biol1_tech1_no	G2	plate1	cult103	MB008	MGAM	103	20	biol1	tech1	J8LYJ-lane1G2plate1	J8LYJ	lane1	Lisa	no Stool cult	noMK	1.25	no antidote	no	none	no	no	G	2	16721	no antidote
H2_plate1	16	CCGTCTCTCCGG	H2_plate1_Lisa_cult103_MB008_1.25_no antidote_20_biol1_tech1_no	H2	plate1	cult103	MB009	MGAM	103	20	biol1	tech1	J8LYJ-lane1H2plate1	J8LYJ	lane1	Lisa	no Stool cult	noMK	1.25	no antidote	no	none	no	no	H	2	18024	no antidote
A3_plate1	17	TTCGCTACGTCC	A3_plate1_Lisa_cult103_MB001_1.25_20 benzbromarone_20_biol1_tech1_no	A3	plate1	cult103	MB001	MGAM	103	20	biol1	tech1	J8LYJ-lane1A3plate1	J8LYJ	lane1	Lisa	no Stool cult	noMK	1.25	20 benzbromarone	no	none	no	no	A	3	14610	20 benzbromarone
C3_plate1	19	CAGTACGCGGCC	C3_plate1_Lisa_cult103_MB003_1.25_20 benzbromarone_20_biol1_tech1_no	C3	plate1	cult103	MB003	MGAM	103	20	biol1	tech1	J8LYJ-lane1C3plate1	J8LYJ	lane1	Lisa	no Stool cult	noMK	1.25	20 benzbromarone	no	none	no	no	C	3	11587	20 benzbromarone
D3_plate1	20	GTACTGATCCTT	D3_plate1_Lisa_cult103_MB004_1.25_20 benzbromarone_20_biol1_tech1_no	D3	plate1	cult103	MB005	MGAM	103	20	biol1	tech1	J8LYJ-lane1D3plate1	J8LYJ	lane1	Lisa	no Stool cult	noMK	1.25	20 benzbromarone	no	none	no	no	D	3	9353	20 benzbromarone
E3_plate1	21	GGATATACGGCC	E3_plate1_Lisa_cult103_MB005_1.25_20 benzbromarone_20_biol1_tech1_no	E3	plate1	cult103	MB006	MGAM	103	20	biol1	tech1	J8LYJ-lane1E3plate1	J8LYJ	lane1	Lisa	no Stool cult	noMK	1.25	20 benzbromarone	no	none	no	no	E	3	13035	20 benzbromarone
F3_plate1	22	CATAGCTTCCGG	F3_plate1_Lisa_cult103_MB006_1.25_20 benzbromarone_20_biol1_tech1_no	F3	plate1	cult103	MB007	MGAM	103	20	biol1	tech1	J8LYJ-lane1F3plate1	J8LYJ	lane1	Lisa	no Stool cult	noMK	1.25	20 benzbromarone	no	none	no	no	F	3	16672	20 benzbromarone
G3_plate1	23	GAGGCATCGGCC	G3_plate1_Lisa_cult103_MB007_1.25_20 benzbromarone_20_biol1_tech1_no	G3	plate1	cult103	MB008	MGAM	103	20	biol1	tech1	J8LYJ-lane1G3plate1	J8LYJ	lane1	Lisa	no Stool cult	noMK	1.25	20 benzbromarone	no	none	no	no	G	3	17981	20 benzbromarone
H3_plate1	24	ATAAGGATCCGG	H3_plate1_Lisa_cult103_MB008_1.25_20 benzbromarone_20_biol1_tech1_no	H3	plate1	cult103	MB009	MGAM	103	20	biol1	tech1	J8LYJ-lane1H3plate1	J8LYJ	lane1	Lisa	no Stool cult	noMK	1.25	20 benzbromarone	no	none	no	no	H	3	15158	20 benzbromarone
A4_plate1	25	CTCCGATCGTCC	A4_plate1_Lisa_cult103_MB001_1.25_20 dicoumarol_20_biol1_tech1_no	A4	plate1	cult103	MB001	MGAM	103	20	biol1	tech1	J8LYJ-lane1A4plate1	J8LYJ	lane1	Lisa	no Stool cult	noMK	1.25	20 dicoumarol	no	none	no	no	A	4	5266	20 dicoumarol
C4_plate1	27	TCTTAATCGTCC	C4_plate1_Lisa_cult103_MB003_1.25_20 dicoumarol_20_biol1_tech1_no	C4	plate1	cult103	MB003	MGAM	103	20	biol1	tech1	J8LYJ-lane1C4plate1	J8LYJ	lane1	Lisa	no Stool cult	noMK	1.25	20 dicoumarol	no	none	no	no	C	4	10949	20 dicoumarol
D4_plate1	28	CGCCTGATCCGG	D4_plate1_Lisa_cult103_MB004_1.25_20 dicoumarol_20_biol1_tech1_no	D4	plate1	cult103	MB005	MGAM	103	20	biol1	tech1	J8LYJ-lane1D4plate1	J8LYJ	lane1	Lisa	no Stool cult	noMK	1.25	20 dicoumarol	no	none	no	no	D	4	6506	20 dicoumarol
E4_plate1	29	AGAATATCGTCC	E4_plate1_Lisa_cult103_MB005_1.25_20 dicoumarol_20_biol1_tech1_no	E4	plate1	cult103	MB006	MGAM	103	20	biol1	tech1	J8LYJ-lane1E4plate1	J8LYJ	lane1	Lisa	no Stool cult	noMK	1.25	20 dicoumarol	no	none	no	no	E	4	15038	20 dicoumarol
F4_plate1	30	GCGGAGATCCGG	F4_plate1_Lisa_cult103_MB006_1.25_20 dicoumarol_20_biol1_tech1_no	F4	plate1	cult103	MB007	MGAM	103	20	biol1	tech1	J8LYJ-lane1F4plate1	J8LYJ	lane1	Lisa	no Stool cult	noMK	1.25	20 dicoumarol	no	none	no	no	F	4	6702	20 dicoumarol
G4_plate1	31	CATGGCCGGTCC	G4_plate1_Lisa_cult103_MB007_1.25_20 dicoumarol_20_biol1_tech1_no	G4	plate1	cult103	MB008	MGAM	103	20	biol1	tech1	J8LYJ-lane1G4plate1	J8LYJ	lane1	Lisa	no Stool cult	noMK	1.25	20 dicoumarol	no	none	no	no	G	4	13213	20 dicoumarol
H4_plate1	32	GTCACGTACCTT	H4_plate1_Lisa_cult103_MB008_1.25_20 dicoumarol_20_biol1_tech1_no	H4	plate1	cult103	MB009	MGAM	103	20	biol1	tech1	J8LYJ-lane1H4plate1	J8LYJ	lane1	Lisa	no Stool cult	noMK	1.25	20 dicoumarol	no	none	no	no	H	4	17294	20 dicoumarol
B5_plate1	34	CCTGTTGACCGG	B5_plate1_Lisa_cult103_MB002_1.25_40 tolfenamic acid_20_biol1_tech1_no	B5	plate1	cult103	MB002	MGAM	103	20	biol1	tech1	J8LYJ-lane1B5plate1	J8LYJ	lane1	Lisa	no Stool cult	noMK	1.25	40 tolfenamic acid	no	none	no	no	B	5	6319	40 tolfenamic acid
C5_plate1	35	AGCCCAAGGTCC	C5_plate1_Lisa_cult103_MB003_1.25_40 tolfenamic acid_20_biol1_tech1_no	C5	plate1	cult103	MB003	MGAM	103	20	biol1	tech1	J8LYJ-lane1C5plate1	J8LYJ	lane1	Lisa	no Stool cult	noMK	1.25	40 tolfenamic acid	no	none	no	no	C	5	10972	40 tolfenamic acid
D5_plate1	36	GCTTGGTACCGG	D5_plate1_Lisa_cult103_MB004_1.25_40 tolfenamic acid_20_biol1_tech1_no	D5	plate1	cult103	MB005	MGAM	103	20	biol1	tech1	J8LYJ-lane1D5plate1	J8LYJ	lane1	Lisa	no Stool cult	noMK	1.25	40 tolfenamic acid	no	none	no	no	D	5	10255	40 tolfenamic acid
E5_plate1	37	TCGGGAAGGTCC	E5_plate1_Lisa_cult103_MB005_1.25_40 tolfenamic acid_20_biol1_tech1_no	E5	plate1	cult103	MB006	MGAM	103	20	biol1	tech1	J8LYJ-lane1E5plate1	J8LYJ	lane1	Lisa	no Stool cult	noMK	1.25	40 tolfenamic acid	no	none	no	no	E	5	9448	40 tolfenamic acid
F5_plate1	38	CGAACGTACCGG	F5_plate1_Lisa_cult103_MB006_1.25_40 tolfenamic acid_20_biol1_tech1_no	F5	plate1	cult103	MB007	MGAM	103	20	biol1	tech1	J8LYJ-lane1F5plate1	J8LYJ	lane1	Lisa	no Stool cult	noMK	1.25	40 tolfenamic acid	no	none	no	no	F	5	17891	40 tolfenamic acid
G5_plate1	39	GATTTAAGGGCC	G5_plate1_Lisa_cult103_MB007_1.25_40 tolfenamic acid_20_biol1_tech1_no	G5	plate1	cult103	MB008	MGAM	103	20	biol1	tech1	J8LYJ-lane1G5plate1	J8LYJ	lane1	Lisa	no Stool cult	noMK	1.25	40 tolfenamic acid	no	none	no	no	G	5	23003	40 tolfenamic acid
H5_plate1	40	AGAACTGACCTT	H5_plate1_Lisa_cult103_MB008_1.25_40 tolfenamic acid_20_biol1_tech1_no	H5	plate1	cult103	MB009	MGAM	103	20	biol1	tech1	J8LYJ-lane1H5plate1	J8LYJ	lane1	Lisa	no Stool cult	noMK	1.25	40 tolfenamic acid	no	none	no	no	H	5	17255	40 tolfenamic acid
A6_plate1	41	CCGCCTTGGTCC	A6_plate1_Lisa_cult103_MB001_1.25_no antidote_20_biol1_tech2_no	A6	plate1	cult103	MB001	MGAM	103	20	biol1	tech2	J8LYJ-lane1A6plate1	J8LYJ	lane1	Lisa	no Stool cult	noMK	0	no antidote	no	none	no	no	A	6	7094	no treatment
B6_plate1	42	TGATGCAACCGG	B6_plate1_Lisa_cult103_MB002_1.25_no antidote_20_biol1_tech2_no	B6	plate1	cult103	MB002	MGAM	103	20	biol1	tech2	J8LYJ-lane1B6plate1	J8LYJ	lane1	Lisa	no Stool cult	noMK	0	no antidote	no	none	no	no	B	6	10023	no treatment
C6_plate1	43	GGCGGTTGGGCC	C6_plate1_Lisa_cult103_MB003_1.25_no antidote_20_biol1_tech2_no	C6	plate1	cult103	MB003	MGAM	103	20	biol1	tech2	J8LYJ-lane1C6plate1	J8LYJ	lane1	Lisa	no Stool cult	noMK	0	no antidote	no	none	no	no	C	6	9498	no treatment
D6_plate1	44	ACTACCAACCGG	D6_plate1_Lisa_cult103_MB004_1.25_no antidote_20_biol1_tech2_no	D6	plate1	cult103	MB005	MGAM	103	20	biol1	tech2	J8LYJ-lane1D6plate1	J8LYJ	lane1	Lisa	no Stool cult	noMK	0	no antidote	no	none	no	no	D	6	6593	no treatment
E6_plate1	45	AATAATTGGTCC	E6_plate1_Lisa_cult103_MB005_1.25_no antidote_20_biol1_tech2_no	E6	plate1	cult103	MB006	MGAM	103	20	biol1	tech2	J8LYJ-lane1E6plate1	J8LYJ	lane1	Lisa	no Stool cult	noMK	0	no antidote	no	none	no	no	E	6	15276	no treatment
F6_plate1	46	GTCGTCAACCGG	F6_plate1_Lisa_cult103_MB006_1.25_no antidote_20_biol1_tech2_no	F6	plate1	cult103	MB007	MGAM	103	20	biol1	tech2	J8LYJ-lane1F6plate1	J8LYJ	lane1	Lisa	no Stool cult	noMK	0	no antidote	no	none	no	no	F	6	11387	no treatment
G6_plate1	47	AAATCTCAGGCC	G6_plate1_Lisa_cult103_MB007_1.25_no antidote_20_biol1_tech2_no	G6	plate1	cult103	MB008	MGAM	103	20	biol1	tech2	J8LYJ-lane1G6plate1	J8LYJ	lane1	Lisa	no Stool cult	noMK	0	no antidote	no	none	no	no	G	6	13130	no treatment
H6_plate1	48	GTGCGCGGCCGG	H6_plate1_Lisa_cult103_MB008_1.25_no antidote_20_biol1_tech2_no	H6	plate1	cult103	MB009	MGAM	103	20	biol1	tech2	J8LYJ-lane1H6plate1	J8LYJ	lane1	Lisa	no Stool cult	noMK	0	no antidote	no	none	no	no	H	6	17496	no treatment
A7_plate1	49	TTTAGTCAGTCC	A7_plate1_Lisa_cult103_MB001_1.25_no antidote_20_biol1_tech2_no	A7	plate1	cult103	MB001	MGAM	103	20	biol1	tech2	J8LYJ-lane1A7plate1	J8LYJ	lane1	Lisa	no Stool cult	noMK	1.25	no antidote	no	none	no	no	A	7	13798	no antidote
B7_plate1	50	CACGCCGGCCGG	B7_plate1_Lisa_cult103_MB002_1.25_no antidote_20_biol1_tech2_no	B7	plate1	cult103	MB002	MGAM	103	20	biol1	tech2	J8LYJ-lane1B7plate1	J8LYJ	lane1	Lisa	no Stool cult	noMK	1.25	no antidote	no	none	no	no	B	7	15295	no antidote
C7_plate1	51	CCCGATCAGTCC	C7_plate1_Lisa_cult103_MB003_1.25_no antidote_20_biol1_tech2_no	C7	plate1	cult103	MB003	MGAM	103	20	biol1	tech2	J8LYJ-lane1C7plate1	J8LYJ	lane1	Lisa	no Stool cult	noMK	1.25	no antidote	no	none	no	no	C	7	12444	no antidote
D7_plate1	52	TGTATCGGCCGG	D7_plate1_Lisa_cult103_MB004_1.25_no antidote_20_biol1_tech2_no	D7	plate1	cult103	MB005	MGAM	103	20	biol1	tech2	J8LYJ-lane1D7plate1	J8LYJ	lane1	Lisa	no Stool cult	noMK	1.25	no antidote	no	none	no	no	D	7	7269	no antidote
E7_plate1	53	CTTTCAGAGTCC	E7_plate1_Lisa_cult103_MB005_1.25_no antidote_20_biol1_tech2_no	E7	plate1	cult103	MB006	MGAM	103	20	biol1	tech2	J8LYJ-lane1E7plate1	J8LYJ	lane1	Lisa	no Stool cult	noMK	1.25	no antidote	no	none	no	no	E	7	18331	no antidote
F7_plate1	54	TACCGGCGCCGG	F7_plate1_Lisa_cult103_MB006_1.25_no antidote_20_biol1_tech2_no	F7	plate1	cult103	MB007	MGAM	103	20	biol1	tech2	J8LYJ-lane1F7plate1	J8LYJ	lane1	Lisa	no Stool cult	noMK	1.25	no antidote	no	none	no	no	F	7	10343	no antidote
G7_plate1	55	GAAAGAGAGTCC	G7_plate1_Lisa_cult103_MB007_1.25_no antidote_20_biol1_tech2_no	G7	plate1	cult103	MB008	MGAM	103	20	biol1	tech2	J8LYJ-lane1G7plate1	J8LYJ	lane1	Lisa	no Stool cult	noMK	1.25	no antidote	no	none	no	no	G	7	8958	no antidote
H7_plate1	56	CTGGCTAGCCTT	H7_plate1_Lisa_cult103_MB008_1.25_no antidote_20_biol1_tech2_no	H7	plate1	cult103	MB009	MGAM	103	20	biol1	tech2	J8LYJ-lane1H7plate1	J8LYJ	lane1	Lisa	no Stool cult	noMK	1.25	no antidote	no	none	no	no	H	7	15578	no antidote
A8_plate1	57	AGGGAAGAGGCC	A8_plate1_Lisa_cult103_MB001_1.25_20 benzbromarone_20_biol1_tech2_no	A8	plate1	cult103	MB001	MGAM	103	20	biol1	tech2	J8LYJ-lane1A8plate1	J8LYJ	lane1	Lisa	no Stool cult	noMK	1.25	20 benzbromarone	no	none	no	no	A	8	11967	20 benzbromarone
B8_plate1	58	GACCGTAGCCTT	B8_plate1_Lisa_cult103_MB002_1.25_20 benzbromarone_20_biol1_tech2_no	B8	plate1	cult103	MB002	MGAM	103	20	biol1	tech2	J8LYJ-lane1B8plate1	J8LYJ	lane1	Lisa	no Stool cult	noMK	1.25	20 benzbromarone	no	none	no	no	B	8	7839	20 benzbromarone
C8_plate1	59	TCCCTAGAGTCC	C8_plate1_Lisa_cult103_MB003_1.25_20 benzbromarone_20_biol1_tech2_no	C8	plate1	cult103	MB003	MGAM	103	20	biol1	tech2	J8LYJ-lane1C8plate1	J8LYJ	lane1	Lisa	no Stool cult	noMK	1.25	20 benzbromarone	no	none	no	no	C	8	19738	20 benzbromarone
D8_plate1	60	AGTTATAGCCTT	D8_plate1_Lisa_cult103_MB004_1.25_20 benzbromarone_20_biol1_tech2_no	D8	plate1	cult103	MB005	MGAM	103	20	biol1	tech2	J8LYJ-lane1D8plate1	J8LYJ	lane1	Lisa	no Stool cult	noMK	1.25	20 benzbromarone	no	none	no	no	D	8	8304	20 benzbromarone
E8_plate1	61	GCCTCGAAGTCC	E8_plate1_Lisa_cult103_MB005_1.25_20 benzbromarone_20_biol1_tech2_no	E8	plate1	cult103	MB006	MGAM	103	20	biol1	tech2	J8LYJ-lane1E8plate1	J8LYJ	lane1	Lisa	no Stool cult	noMK	1.25	20 benzbromarone	no	none	no	no	E	8	21019	20 benzbromarone
F8_plate1	62	CGTCGCGGCCTT	F8_plate1_Lisa_cult103_MB006_1.25_20 benzbromarone_20_biol1_tech2_no	F8	plate1	cult103	MB007	MGAM	103	20	biol1	tech2	J8LYJ-lane1F8plate1	J8LYJ	lane1	Lisa	no Stool cult	noMK	1.25	20 benzbromarone	no	none	no	no	F	8	5127	20 benzbromarone
G8_plate1	63	CGGAGGAAGGCC	G8_plate1_Lisa_cult103_MB007_1.25_20 benzbromarone_20_biol1_tech2_no	G8	plate1	cult103	MB008	MGAM	103	20	biol1	tech2	J8LYJ-lane1G8plate1	J8LYJ	lane1	Lisa	no Stool cult	noMK	1.25	20 benzbromarone	no	none	no	no	G	8	10287	20 benzbromarone
H8_plate1	64	GCAGCCGGCCTT	H8_plate1_Lisa_cult103_MB008_1.25_20 benzbromarone_20_biol1_tech2_no	H8	plate1	cult103	MB009	MGAM	103	20	biol1	tech2	J8LYJ-lane1H8plate1	J8LYJ	lane1	Lisa	no Stool cult	noMK	1.25	20 benzbromarone	no	none	no	no	H	8	36575	20 benzbromarone
A9_plate1	65	TAAGAGAAGTCC	A9_plate1_Lisa_cult103_MB001_1.25_20 dicoumarol_20_biol1_tech2_no	A9	plate1	cult103	MB001	MGAM	103	20	biol1	tech2	J8LYJ-lane1A9plate1	J8LYJ	lane1	Lisa	no Stool cult	noMK	1.25	20 dicoumarol	no	none	no	no	A	9	24329	20 dicoumarol
B9_plate1	66	ATGATCGGCCTT	B9_plate1_Lisa_cult103_MB002_1.25_20 dicoumarol_20_biol1_tech2_no	B9	plate1	cult103	MB002	MGAM	103	20	biol1	tech2	J8LYJ-lane1B9plate1	J8LYJ	lane1	Lisa	no Stool cult	noMK	1.25	20 dicoumarol	no	none	no	no	B	9	28925	20 dicoumarol
C9_plate1	67	ATTCTGAAGTCC	C9_plate1_Lisa_cult103_MB003_1.25_20 dicoumarol_20_biol1_tech2_no	C9	plate1	cult103	MB003	MGAM	103	20	biol1	tech2	J8LYJ-lane1C9plate1	J8LYJ	lane1	Lisa	no Stool cult	noMK	1.25	20 dicoumarol	no	none	no	no	C	9	8444	20 dicoumarol
D9_plate1	68	TACTACGGCCTT	D9_plate1_Lisa_cult103_MB004_1.25_20 dicoumarol_20_biol1_tech2_no	D9	plate1	cult103	MB005	MGAM	103	20	biol1	tech2	J8LYJ-lane1D9plate1	J8LYJ	lane1	Lisa	no Stool cult	noMK	1.25	20 dicoumarol	no	none	no	no	D	9	7637	20 dicoumarol
E9_plate1	69	TGGTCCTAGTCC	E9_plate1_Lisa_cult103_MB005_1.25_20 dicoumarol_20_biol1_tech2_no	E9	plate1	cult103	MB006	MGAM	103	20	biol1	tech2	J8LYJ-lane1E9plate1	J8LYJ	lane1	Lisa	no Stool cult	noMK	1.25	20 dicoumarol	no	none	no	no	E	9	16076	20 dicoumarol
F9_plate1	70	AACATTAGCCGG	F9_plate1_Lisa_cult103_MB006_1.25_20 dicoumarol_20_biol1_tech2_no	F9	plate1	cult103	MB007	MGAM	103	20	biol1	tech2	J8LYJ-lane1F9plate1	J8LYJ	lane1	Lisa	no Stool cult	noMK	1.25	20 dicoumarol	no	none	no	no	F	9	6792	20 dicoumarol
G9_plate1	71	ACCAGCTAGTCC	G9_plate1_Lisa_cult103_MB007_1.25_20 dicoumarol_20_biol1_tech2_no	G9	plate1	cult103	MB008	MGAM	103	20	biol1	tech2	J8LYJ-lane1G9plate1	J8LYJ	lane1	Lisa	no Stool cult	noMK	1.25	20 dicoumarol	no	none	no	no	G	9	18083	20 dicoumarol
H9_plate1	72	TTGTATAGCCGG	H9_plate1_Lisa_cult103_MB008_1.25_20 dicoumarol_20_biol1_tech2_no	H9	plate1	cult103	MB009	MGAM	103	20	biol1	tech2	J8LYJ-lane1H9plate1	J8LYJ	lane1	Lisa	no Stool cult	noMK	1.25	20 dicoumarol	no	none	no	no	H	9	21876	20 dicoumarol
B10_plate1	74	CCACGTAGCCGG	B10_plate1_Lisa_cult103_MB002_1.25_40 tolfenamic acid_20_biol1_tech2_no	B10	plate1	cult103	MB002	MGAM	103	20	biol1	tech2	J8LYJ-lane1B10plate1	J8LYJ	lane1	Lisa	no Stool cult	noMK	1.25	40 tolfenamic acid	no	none	no	no	B	10	16685	40 tolfenamic acid
C10_plate1	75	CAACTCTAGTCC	C10_plate1_Lisa_cult103_MB003_1.25_40 tolfenamic acid_20_biol1_tech2_no	C10	plate1	cult103	MB003	MGAM	103	20	biol1	tech2	J8LYJ-lane1C10plate1	J8LYJ	lane1	Lisa	no Stool cult	noMK	1.25	40 tolfenamic acid	no	none	no	no	C	10	20452	40 tolfenamic acid
D10_plate1	76	TGTGCGCGCCTT	D10_plate1_Lisa_cult103_MB004_1.25_40 tolfenamic acid_20_biol1_tech2_no	D10	plate1	cult103	MB005	MGAM	103	20	biol1	tech2	J8LYJ-lane1D10plate1	J8LYJ	lane1	Lisa	no Stool cult	noMK	1.25	40 tolfenamic acid	no	none	no	no	D	10	10719	40 tolfenamic acid
E10_plate1	77	GGTACTGTGGCC	E10_plate1_Lisa_cult103_MB005_1.25_40 tolfenamic acid_20_biol1_tech2_no	E10	plate1	cult103	MB006	MGAM	103	20	biol1	tech2	J8LYJ-lane1E10plate1	J8LYJ	lane1	Lisa	no Stool cult	noMK	1.25	40 tolfenamic acid	no	none	no	no	E	10	8690	40 tolfenamic acid
F10_plate1	78	AAATTAACCCTT	F10_plate1_Lisa_cult103_MB006_1.25_40 tolfenamic acid_20_biol1_tech2_no	F10	plate1	cult103	MB007	MGAM	103	20	biol1	tech2	J8LYJ-lane1F10plate1	J8LYJ	lane1	Lisa	no Stool cult	noMK	1.25	40 tolfenamic acid	no	none	no	no	F	10	11082	40 tolfenamic acid
G10_plate1	79	TTGCATGTGGCC	G10_plate1_Lisa_cult103_MB007_1.25_40 tolfenamic acid_20_biol1_tech2_no	G10	plate1	cult103	MB008	MGAM	103	20	biol1	tech2	J8LYJ-lane1G10plate1	J8LYJ	lane1	Lisa	no Stool cult	noMK	1.25	40 tolfenamic acid	no	none	no	no	G	10	28347	40 tolfenamic acid
H10_plate1	80	CCCGGAACCCTT	H10_plate1_Lisa_cult103_MB008_1.25_40 tolfenamic acid_20_biol1_tech2_no	H10	plate1	cult103	MB009	MGAM	103	20	biol1	tech2	J8LYJ-lane1H10plate1	J8LYJ	lane1	Lisa	no Stool cult	noMK	1.25	40 tolfenamic acid	no	none	no	no	H	10	29581	40 tolfenamic acid
A11_plate1	81	AACGTTGTGTCC	A11_plate1_Lisa_cult103_MB010_0_no antidote_20_biol1_tech1_no	A11	plate1	cult103	MB010	MGAM	103	20	biol1	tech1	J8LYJ-lane1A11plate1	J8LYJ	lane1	Lisa	no Stool cult	noMK	0	no antidote	no	none	no	no	A	11	16130	no treatment
B11_plate1	82	GGGCCAACCCTT	B11_plate1_Lisa_cult103_MB010_1.25_no antidote_20_biol1_tech1_no	B11	plate1	cult103	MB010	MGAM	103	20	biol1	tech1	J8LYJ-lane1B11plate1	J8LYJ	lane1	Lisa	no Stool cult	noMK	1.25	no antidote	no	none	no	no	B	11	27813	no antidote
C11_plate1	83	CACACCATGTCC	C11_plate1_Lisa_cult103_MB010_1.25_20 benzbromarone_20_biol1_tech1_no	C11	plate1	cult103	MB010	MGAM	103	20	biol1	tech1	J8LYJ-lane1C11plate1	J8LYJ	lane1	Lisa	no Stool cult	noMK	1.25	20 benzbromarone	no	none	no	no	C	11	29475	20 benzbromarone
D11_plate1	84	TTTGGTTCCCGG	D11_plate1_Lisa_cult103_MB010_1.25_20 dicoumarol_20_biol1_tech1_no	D11	plate1	cult103	MB010	MGAM	103	20	biol1	tech1	J8LYJ-lane1D11plate1	J8LYJ	lane1	Lisa	no Stool cult	noMK	1.25	20 dicoumarol	no	none	no	no	D	11	27506	20 dicoumarol
E11_plate1	85	GTGTGCATGTCC	E11_plate1_Lisa_cult103_MB010_1.25_40 tolfenamic acid_20_biol1_tech1_no	E11	plate1	cult103	MB010	MGAM	103	20	biol1	tech1	J8LYJ-lane1E11plate1	J8LYJ	lane1	Lisa	no Stool cult	noMK	1.25	40 tolfenamic acid	no	none	no	no	E	11	6243	40 tolfenamic acid
A12_plate1	89	ATGACGTTGTCC	A12_plate1_Lisa_cult103_MB010_0_no antidote_20_biol1_tech2_no	A12	plate1	cult103	MB010	MGAM	103	20	biol1	tech2	J8LYJ-lane1A12plate1	J8LYJ	lane1	Lisa	no Stool cult	noMK	0	no antidote	no	none	no	no	A	12	19477	no treatment
B12_plate1	90	TCCTTAACCCGG	B12_plate1_Lisa_cult103_MB010_1.25_no antidote_20_biol1_tech2_no	B12	plate1	cult103	MB010	MGAM	103	20	biol1	tech2	J8LYJ-lane1B12plate1	J8LYJ	lane1	Lisa	no Stool cult	noMK	1.25	no antidote	no	none	no	no	B	12	21881	no antidote
C12_plate1	91	CGTCAGTTGTCC	C12_plate1_Lisa_cult103_MB010_1.25_20 benzbromarone_20_biol1_tech2_no	C12	plate1	cult103	MB010	MGAM	103	20	biol1	tech2	J8LYJ-lane1C12plate1	J8LYJ	lane1	Lisa	no Stool cult	noMK	1.25	20 benzbromarone	no	none	no	no	C	12	21399	20 benzbromarone
D12_plate1	92	GAAGGAACCCGG	D12_plate1_Lisa_cult103_MB010_1.25_20 dicoumarol_20_biol1_tech2_no	D12	plate1	cult103	MB010	MGAM	103	20	biol1	tech2	J8LYJ-lane1D12plate1	J8LYJ	lane1	Lisa	no Stool cult	noMK	1.25	20 dicoumarol	no	none	no	no	D	12	11847	20 dicoumarol
E12_plate1	93	GCAGTGTTGGCC	E12_plate1_Lisa_cult103_MB010_1.25_40 tolfenamic acid_20_biol1_tech2_no	E12	plate1	cult103	MB010	MGAM	103	20	biol1	tech2	J8LYJ-lane1E12plate1	J8LYJ	lane1	Lisa	no Stool cult	noMK	1.25	40 tolfenamic acid	no	none	no	no	E	12	20003	40 tolfenamic acid
A1_plate2	97	TGCGTACCATCC	A1_plate2_Lisa_cult103_MB001_0_no antidote_20_biol2_tech1_no	A1	plate2	cult103	MB001	MGAM	103	20	biol2	tech1	J8LYJ-lane1A1plate2	J8LYJ	lane1	Lisa	no Stool cult	noMK	0	no antidote	no	none	no	no	A	1	107358	no treatment
B1_plate2	98	AAGCCGGTTCGG	B1_plate2_Lisa_cult103_MB002_0_no antidote_20_biol2_tech1_no	B1	plate2	cult103	MB002	MGAM	103	20	biol2	tech1	J8LYJ-lane1B1plate2	J8LYJ	lane1	Lisa	no Stool cult	noMK	0	no antidote	no	none	no	no	B	1	75895	no treatment
C1_plate2	99	ATAACTGCATCC	C1_plate2_Lisa_cult103_MB003_0_no antidote_20_biol2_tech1_no	C1	plate2	cult103	MB003	MGAM	103	20	biol2	tech1	J8LYJ-lane1C1plate2	J8LYJ	lane1	Lisa	no Stool cult	noMK	0	no antidote	no	none	no	no	C	1	123360	no treatment
D1_plate2	100	GAGGGCCTTCGG	D1_plate2_Lisa_cult103_MB004_0_no antidote_20_biol2_tech1_no	D1	plate2	cult103	MB005	MGAM	103	20	biol2	tech1	J8LYJ-lane1D1plate2	J8LYJ	lane1	Lisa	no Stool cult	noMK	0	no antidote	no	none	no	no	D	1	51249	no treatment
E1_plate2	101	TATTGTGCAGCC	E1_plate2_Lisa_cult103_MB005_0_no antidote_20_biol2_tech1_no	E1	plate2	cult103	MB006	MGAM	103	20	biol2	tech1	J8LYJ-lane1E1plate2	J8LYJ	lane1	Lisa	no Stool cult	noMK	0	no antidote	no	none	no	no	E	1	74190	no treatment
F1_plate2	102	AGAAACCTTCGG	F1_plate2_Lisa_cult103_MB006_0_no antidote_20_biol2_tech1_no	F1	plate2	cult103	MB007	MGAM	103	20	biol2	tech1	J8LYJ-lane1F1plate2	J8LYJ	lane1	Lisa	no Stool cult	noMK	0	no antidote	no	none	no	no	F	1	48657	no treatment
G1_plate2	103	CGCCATGCATCC	G1_plate2_Lisa_cult103_MB007_0_no antidote_20_biol2_tech1_no	G1	plate2	cult103	MB008	MGAM	103	20	biol2	tech1	J8LYJ-lane1G1plate2	J8LYJ	lane1	Lisa	no Stool cult	noMK	0	no antidote	no	none	no	no	G	1	64012	no treatment
H1_plate2	104	TCTTTCCTTCGG	H1_plate2_Lisa_cult103_MB008_0_no antidote_20_biol2_tech1_no	H1	plate2	cult103	MB009	MGAM	103	20	biol2	tech1	J8LYJ-lane1H1plate2	J8LYJ	lane1	Lisa	no Stool cult	noMK	0	no antidote	no	none	no	no	H	1	58478	no treatment
A2_plate2	105	GCGGTTGCATCC	A2_plate2_Lisa_cult103_MB001_1.25_no antidote_20_biol2_tech1_no	A2	plate2	cult103	MB001	MGAM	103	20	biol2	tech1	J8LYJ-lane1A2plate2	J8LYJ	lane1	Lisa	no Stool cult	noMK	1.25	no antidote	no	none	no	no	A	2	85972	no antidote
B2_plate2	106	ATCCCAATTCTT	B2_plate2_Lisa_cult103_MB002_1.25_no antidote_20_biol2_tech1_no	B2	plate2	cult103	MB002	MGAM	103	20	biol2	tech1	J8LYJ-lane1B2plate2	J8LYJ	lane1	Lisa	no Stool cult	noMK	1.25	no antidote	no	none	no	no	B	2	63372	no antidote
C2_plate2	107	TCGACCACAGCC	C2_plate2_Lisa_cult103_MB003_1.25_no antidote_20_biol2_tech1_no	C2	plate2	cult103	MB003	MGAM	103	20	biol2	tech1	J8LYJ-lane1C2plate2	J8LYJ	lane1	Lisa	no Stool cult	noMK	1.25	no antidote	no	none	no	no	C	2	53279	no antidote
D2_plate2	108	CTCTTGGTTCTT	D2_plate2_Lisa_cult103_MB004_1.25_no antidote_20_biol2_tech1_no	D2	plate2	cult103	MB005	MGAM	103	20	biol2	tech1	J8LYJ-lane1D2plate2	J8LYJ	lane1	Lisa	no Stool cult	noMK	1.25	no antidote	no	none	no	no	D	2	62853	no antidote
E2_plate2	109	AGCTGCACAGCC	E2_plate2_Lisa_cult103_MB005_1.25_no antidote_20_biol2_tech1_no	E2	plate2	cult103	MB006	MGAM	103	20	biol2	tech1	J8LYJ-lane1E2plate2	J8LYJ	lane1	Lisa	no Stool cult	noMK	1.25	no antidote	no	none	no	no	E	2	13813	no antidote
F2_plate2	110	TCTCCGGTTCTT	F2_plate2_Lisa_cult103_MB006_1.25_no antidote_20_biol2_tech1_no	F2	plate2	cult103	MB007	MGAM	103	20	biol2	tech1	J8LYJ-lane1F2plate2	J8LYJ	lane1	Lisa	no Stool cult	noMK	1.25	no antidote	no	none	no	no	F	2	20866	no antidote
G2_plate2	111	CTAGTCACAGCC	G2_plate2_Lisa_cult103_MB007_1.25_no antidote_20_biol2_tech1_no	G2	plate2	cult103	MB008	MGAM	103	20	biol2	tech1	J8LYJ-lane1G2plate2	J8LYJ	lane1	Lisa	no Stool cult	noMK	1.25	no antidote	no	none	no	no	G	2	47410	no antidote
H2_plate2	112	GAGAAGGTTCTT	H2_plate2_Lisa_cult103_MB008_1.25_no antidote_20_biol2_tech1_no	H2	plate2	cult103	MB009	MGAM	103	20	biol2	tech1	J8LYJ-lane1H2plate2	J8LYJ	lane1	Lisa	no Stool cult	noMK	1.25	no antidote	no	none	no	no	H	2	49542	no antidote
A3_plate2	113	CCGTGGTCATCC	A3_plate2_Lisa_cult103_MB001_1.25_20 benzbromarone_20_biol2_tech1_no	A3	plate2	cult103	MB001	MGAM	103	20	biol2	tech1	J8LYJ-lane1A3plate2	J8LYJ	lane1	Lisa	no Stool cult	noMK	1.25	20 benzbromarone	no	none	no	no	A	3	52166	20 benzbromarone
B3_plate2	114	TGACCAATTCGG	B3_plate2_Lisa_cult103_MB002_1.25_20 benzbromarone_20_biol2_tech1_no	B3	plate2	cult103	MB002	MGAM	103	20	biol2	tech1	J8LYJ-lane1B3plate2	J8LYJ	lane1	Lisa	no Stool cult	noMK	1.25	20 benzbromarone	no	none	no	no	B	3	51855	20 benzbromarone
C3_plate2	115	TTACAGTCATCC	C3_plate2_Lisa_cult103_MB003_1.25_20 benzbromarone_20_biol2_tech1_no	C3	plate2	cult103	MB003	MGAM	103	20	biol2	tech1	J8LYJ-lane1C3plate2	J8LYJ	lane1	Lisa	no Stool cult	noMK	1.25	20 benzbromarone	no	none	no	no	C	3	62549	20 benzbromarone
D3_plate2	116	CAGTTAATTCGG	D3_plate2_Lisa_cult103_MB004_1.25_20 benzbromarone_20_biol2_tech1_no	D3	plate2	cult103	MB005	MGAM	103	20	biol2	tech1	J8LYJ-lane1D3plate2	J8LYJ	lane1	Lisa	no Stool cult	noMK	1.25	20 benzbromarone	no	none	no	no	D	3	52685	20 benzbromarone
E3_plate2	117	AATGTGTCAGCC	E3_plate2_Lisa_cult103_MB005_1.25_20 benzbromarone_20_biol2_tech1_no	E3	plate2	cult103	MB006	MGAM	103	20	biol2	tech1	J8LYJ-lane1E3plate2	J8LYJ	lane1	Lisa	no Stool cult	noMK	1.25	20 benzbromarone	no	none	no	no	E	3	42892	20 benzbromarone
F3_plate2	118	TTCAACCTTCTT	F3_plate2_Lisa_cult103_MB006_1.25_20 benzbromarone_20_biol2_tech1_no	F3	plate2	cult103	MB007	MGAM	103	20	biol2	tech1	J8LYJ-lane1F3plate2	J8LYJ	lane1	Lisa	no Stool cult	noMK	1.25	20 benzbromarone	no	none	no	no	F	3	43147	20 benzbromarone
G3_plate2	119	GCTTCTCGATCC	G3_plate2_Lisa_cult103_MB007_1.25_20 benzbromarone_20_biol2_tech1_no	G3	plate2	cult103	MB008	MGAM	103	20	biol2	tech1	J8LYJ-lane1G3plate2	J8LYJ	lane1	Lisa	no Stool cult	noMK	1.25	20 benzbromarone	no	none	no	no	G	3	32308	20 benzbromarone
H3_plate2	120	ATAATATATCTT	H3_plate2_Lisa_cult103_MB008_1.25_20 benzbromarone_20_biol2_tech1_no	H3	plate2	cult103	MB009	MGAM	103	20	biol2	tech1	J8LYJ-lane1H3plate2	J8LYJ	lane1	Lisa	no Stool cult	noMK	1.25	20 benzbromarone	no	none	no	no	H	3	56237	20 benzbromarone
A4_plate2	121	CGAAGTCGATCC	A4_plate2_Lisa_cult103_MB001_1.25_20 dicoumarol_20_biol2_tech1_no	A4	plate2	cult103	MB001	MGAM	103	20	biol2	tech2	J8LYJ-lane1A4plate2	J8LYJ	lane1	Lisa	no Stool cult	noMK	1.25	20 benzbromarone	no	none	no	no	A	4	40812	20 benzbromarone
B4_plate2	122	TCGGCCGATCGG	B4_plate2_Lisa_cult103_MB002_1.25_20 dicoumarol_20_biol2_tech1_no	B4	plate2	cult103	MB002	MGAM	103	20	biol2	tech2	J8LYJ-lane1B4plate2	J8LYJ	lane1	Lisa	no Stool cult	noMK	1.25	20 benzbromarone	no	none	no	no	B	4	47847	20 benzbromarone
C4_plate2	123	TAGGATCGATCC	C4_plate2_Lisa_cult103_MB003_1.25_20 dicoumarol_20_biol2_tech1_no	C4	plate2	cult103	MB003	MGAM	103	20	biol2	tech2	J8LYJ-lane1C4plate2	J8LYJ	lane1	Lisa	no Stool cult	noMK	1.25	20 benzbromarone	no	none	no	no	C	4	23608	20 benzbromarone
D4_plate2	124	CTAATCGATCGG	D4_plate2_Lisa_cult103_MB004_1.25_20 dicoumarol_20_biol2_tech1_no	D4	plate2	cult103	MB005	MGAM	103	20	biol2	tech2	J8LYJ-lane1D4plate2	J8LYJ	lane1	Lisa	no Stool cult	noMK	1.25	20 benzbromarone	no	none	no	no	D	4	40980	20 benzbromarone
E4_plate2	125	ATCCTTCGATCC	E4_plate2_Lisa_cult103_MB005_1.25_20 dicoumarol_20_biol2_tech1_no	E4	plate2	cult103	MB006	MGAM	103	20	biol2	tech2	J8LYJ-lane1E4plate2	J8LYJ	lane1	Lisa	no Stool cult	noMK	1.25	20 benzbromarone	no	none	no	no	E	4	26990	20 benzbromarone
F4_plate2	126	GATTACGATCGG	F4_plate2_Lisa_cult103_MB006_1.25_20 dicoumarol_20_biol2_tech1_no	F4	plate2	cult103	MB007	MGAM	103	20	biol2	tech2	J8LYJ-lane1F4plate2	J8LYJ	lane1	Lisa	no Stool cult	noMK	1.25	20 benzbromarone	no	none	no	no	F	4	7667	20 benzbromarone
G4_plate2	127	TGATCAGGAGCC	G4_plate2_Lisa_cult103_MB007_1.25_20 dicoumarol_20_biol2_tech1_no	G4	plate2	cult103	MB008	MGAM	103	20	biol2	tech2	J8LYJ-lane1G4plate2	J8LYJ	lane1	Lisa	no Stool cult	noMK	1.25	20 benzbromarone	no	none	no	no	G	4	21724	20 benzbromarone
H4_plate2	128	CCGCGGCATCGG	H4_plate2_Lisa_cult103_MB008_1.25_20 dicoumarol_20_biol2_tech1_no	H4	plate2	cult103	MB009	MGAM	103	20	biol2	tech2	J8LYJ-lane1H4plate2	J8LYJ	lane1	Lisa	no Stool cult	noMK	1.25	20 benzbromarone	no	none	no	no	H	4	22759	20 benzbromarone
A5_plate2	129	ACTAGAGGATCC	A5_plate2_Lisa_cult103_MB001_1.25_40 tolfenamic acid_20_biol2_tech1_no	A5	plate2	cult103	MB001	MGAM	103	20	biol2	tech1	J8LYJ-lane1A5plate2	J8LYJ	lane1	Lisa	no Stool cult	noMK	1.25	40 tolfenamic acid	no	none	no	no	A	5	26426	40 tolfenamic acid
B5_plate2	130	GTATATAATCTT	B5_plate2_Lisa_cult103_MB002_1.25_40 tolfenamic acid_20_biol2_tech1_no	B5	plate2	cult103	MB002	MGAM	103	20	biol2	tech1	J8LYJ-lane1B5plate2	J8LYJ	lane1	Lisa	no Stool cult	noMK	1.25	40 tolfenamic acid	no	none	no	no	B	5	46274	40 tolfenamic acid
D5_plate2	132	AATATGCATCGG	D5_plate2_Lisa_cult103_MB004_1.25_40 tolfenamic acid_20_biol2_tech1_no	D5	plate2	cult103	MB005	MGAM	103	20	biol2	tech1	J8LYJ-lane1D5plate2	J8LYJ	lane1	Lisa	no Stool cult	noMK	1.25	40 tolfenamic acid	no	none	no	no	D	5	164229	40 tolfenamic acid
E5_plate2	133	CAGCTAGGATCC	E5_plate2_Lisa_cult103_MB005_1.25_40 tolfenamic acid_20_biol2_tech1_no	E5	plate2	cult103	MB006	MGAM	103	20	biol2	tech1	J8LYJ-lane1E5plate2	J8LYJ	lane1	Lisa	no Stool cult	noMK	1.25	40 tolfenamic acid	no	none	no	no	E	5	19245	40 tolfenamic acid
F5_plate2	134	TGCGCTAATCTT	F5_plate2_Lisa_cult103_MB006_1.25_40 tolfenamic acid_20_biol2_tech1_no	F5	plate2	cult103	MB007	MGAM	103	20	biol2	tech1	J8LYJ-lane1F5plate2	J8LYJ	lane1	Lisa	no Stool cult	noMK	1.25	40 tolfenamic acid	no	none	no	no	F	5	25826	40 tolfenamic acid
G5_plate2	135	TTCAGGAGAGCC	G5_plate2_Lisa_cult103_MB007_1.25_40 tolfenamic acid_20_biol2_tech1_no	G5	plate2	cult103	MB008	MGAM	103	20	biol2	tech1	J8LYJ-lane1G5plate2	J8LYJ	lane1	Lisa	no Stool cult	noMK	1.25	40 tolfenamic acid	no	none	no	no	G	5	25175	40 tolfenamic acid
H5_plate2	136	ACGTAATATCGG	H5_plate2_Lisa_cult103_MB008_1.25_40 tolfenamic acid_20_biol2_tech1_no	H5	plate2	cult103	MB009	MGAM	103	20	biol2	tech1	J8LYJ-lane1H5plate2	J8LYJ	lane1	Lisa	no Stool cult	noMK	1.25	40 tolfenamic acid	no	none	no	no	H	5	21467	40 tolfenamic acid
A6_plate2	137	CCTGAGAGATCC	A6_plate2_Lisa_cult103_MB001_1.25_no antidote_20_biol2_tech2_no	A6	plate2	cult103	MB001	MGAM	103	20	biol2	tech2	J8LYJ-lane1A6plate2	J8LYJ	lane1	Lisa	no Stool cult	noMK	0	no antidote	no	none	no	no	A	6	33421	no treatment
B6_plate2	138	TTACGCGATCTT	B6_plate2_Lisa_cult103_MB002_1.25_no antidote_20_biol2_tech2_no	B6	plate2	cult103	MB002	MGAM	103	20	biol2	tech2	J8LYJ-lane1B6plate2	J8LYJ	lane1	Lisa	no Stool cult	noMK	0	no antidote	no	none	no	no	B	6	38621	no treatment
C6_plate2	139	GGACTGAGATCC	C6_plate2_Lisa_cult103_MB003_1.25_no antidote_20_biol2_tech2_no	C6	plate2	cult103	MB003	MGAM	103	20	biol2	tech2	J8LYJ-lane1C6plate2	J8LYJ	lane1	Lisa	no Stool cult	noMK	0	no antidote	no	none	no	no	C	6	174207	no treatment
D6_plate2	140	CATGCATATCGG	D6_plate2_Lisa_cult103_MB004_1.25_no antidote_20_biol2_tech2_no	D6	plate2	cult103	MB005	MGAM	103	20	biol2	tech2	J8LYJ-lane1D6plate2	J8LYJ	lane1	Lisa	no Stool cult	noMK	0	no antidote	no	none	no	no	D	6	168484	no treatment
E6_plate2	141	CTCTCCTGATCC	E6_plate2_Lisa_cult103_MB005_1.25_no antidote_20_biol2_tech2_no	E6	plate2	cult103	MB006	MGAM	103	20	biol2	tech2	J8LYJ-lane1E6plate2	J8LYJ	lane1	Lisa	no Stool cult	noMK	0	no antidote	no	none	no	no	E	6	16769	no treatment
F6_plate2	142	GATCGGCATCTT	F6_plate2_Lisa_cult103_MB006_1.25_no antidote_20_biol2_tech2_no	F6	plate2	cult103	MB007	MGAM	103	20	biol2	tech2	J8LYJ-lane1F6plate2	J8LYJ	lane1	Lisa	no Stool cult	noMK	0	no antidote	no	none	no	no	F	6	38036	no treatment
G6_plate2	143	GAGAGCTGAGCC	G6_plate2_Lisa_cult103_MB007_1.25_no antidote_20_biol2_tech2_no	G6	plate2	cult103	MB008	MGAM	103	20	biol2	tech2	J8LYJ-lane1G6plate2	J8LYJ	lane1	Lisa	no Stool cult	noMK	0	no antidote	no	none	no	no	G	6	20386	no treatment
H6_plate2	144	ATAGCTAATCGG	H6_plate2_Lisa_cult103_MB008_1.25_no antidote_20_biol2_tech2_no	H6	plate2	cult103	MB009	MGAM	103	20	biol2	tech2	J8LYJ-lane1H6plate2	J8LYJ	lane1	Lisa	no Stool cult	noMK	0	no antidote	no	none	no	no	H	6	18282	no treatment
B7_plate2	146	TCGATGCATCTT	B7_plate2_Lisa_cult103_MB002_1.25_no antidote_20_biol2_tech2_no	B7	plate2	cult103	MB002	MGAM	103	20	biol2	tech2	J8LYJ-lane1B7plate2	J8LYJ	lane1	Lisa	no Stool cult	noMK	1.25	no antidote	no	none	no	no	B	7	100230	no antidote
C7_plate2	147	TCTCTCTGAGCC	C7_plate2_Lisa_cult103_MB003_1.25_no antidote_20_biol2_tech2_no	C7	plate2	cult103	MB003	MGAM	103	20	biol2	tech2	J8LYJ-lane1C7plate2	J8LYJ	lane1	Lisa	no Stool cult	noMK	1.25	no antidote	no	none	no	no	C	7	33383	no antidote
E7_plate2	149	TCAGGCCAAGCC	E7_plate2_Lisa_cult103_MB005_1.25_no antidote_20_biol2_tech2_no	E7	plate2	cult103	MB006	MGAM	103	20	biol2	tech2	J8LYJ-lane1E7plate2	J8LYJ	lane1	Lisa	no Stool cult	noMK	1.25	no antidote	no	none	no	no	E	7	46899	no antidote
F7_plate2	150	CGGACTGGTCGG	F7_plate2_Lisa_cult103_MB006_1.25_no antidote_20_biol2_tech2_no	F7	plate2	cult103	MB007	MGAM	103	20	biol2	tech2	J8LYJ-lane1F7plate2	J8LYJ	lane1	Lisa	no Stool cult	noMK	1.25	no antidote	no	none	no	no	F	7	43706	no antidote
G7_plate2	151	CTGAACCAATCC	G7_plate2_Lisa_cult103_MB007_1.25_no antidote_20_biol2_tech2_no	G7	plate2	cult103	MB008	MGAM	103	20	biol2	tech2	J8LYJ-lane1G7plate2	J8LYJ	lane1	Lisa	no Stool cult	noMK	1.25	no antidote	no	none	no	no	G	7	37709	no antidote
H7_plate2	152	GCCTGTGGTCGG	H7_plate2_Lisa_cult103_MB008_1.25_no antidote_20_biol2_tech2_no	H7	plate2	cult103	MB009	MGAM	103	20	biol2	tech2	J8LYJ-lane1H7plate2	J8LYJ	lane1	Lisa	no Stool cult	noMK	1.25	no antidote	no	none	no	no	H	7	40739	no antidote
A8_plate2	153	GACTTCCAAGCC	A8_plate2_Lisa_cult103_MB001_1.25_20 benzbromarone_20_biol2_tech2_no	A8	plate2	cult103	MB001	MGAM	103	20	biol2	tech1	J8LYJ-lane1A8plate2	J8LYJ	lane1	Lisa	no Stool cult	noMK	1.25	20 dicoumarol	no	none	no	no	A	8	21528	20 dicoumarol
B8_plate2	154	CTTCAGTGTCTT	B8_plate2_Lisa_cult103_MB002_1.25_20 benzbromarone_20_biol2_tech2_no	B8	plate2	cult103	MB002	MGAM	103	20	biol2	tech1	J8LYJ-lane1B8plate2	J8LYJ	lane1	Lisa	no Stool cult	noMK	1.25	20 dicoumarol	no	none	no	no	B	8	50067	20 dicoumarol
C8_plate2	155	CCACCGGAATCC	C8_plate2_Lisa_cult103_MB003_1.25_20 benzbromarone_20_biol2_tech2_no	C8	plate2	cult103	MB003	MGAM	103	20	biol2	tech1	J8LYJ-lane1C8plate2	J8LYJ	lane1	Lisa	no Stool cult	noMK	1.25	20 dicoumarol	no	none	no	no	C	8	26878	20 dicoumarol
D8_plate2	156	TGGTGACGTCGG	D8_plate2_Lisa_cult103_MB004_1.25_20 benzbromarone_20_biol2_tech2_no	D8	plate2	cult103	MB005	MGAM	103	20	biol2	tech1	J8LYJ-lane1D8plate2	J8LYJ	lane1	Lisa	no Stool cult	noMK	1.25	20 dicoumarol	no	none	no	no	D	8	10915	20 dicoumarol
E8_plate2	157	AACAAGGAAGCC	E8_plate2_Lisa_cult103_MB005_1.25_20 benzbromarone_20_biol2_tech2_no	E8	plate2	cult103	MB006	MGAM	103	20	biol2	tech1	J8LYJ-lane1E8plate2	J8LYJ	lane1	Lisa	no Stool cult	noMK	1.25	20 dicoumarol	no	none	no	no	E	8	28785	20 dicoumarol
F8_plate2	158	GTTGTACGTCGG	F8_plate2_Lisa_cult103_MB006_1.25_20 benzbromarone_20_biol2_tech2_no	F8	plate2	cult103	MB007	MGAM	103	20	biol2	tech1	J8LYJ-lane1F8plate2	J8LYJ	lane1	Lisa	no Stool cult	noMK	1.25	20 dicoumarol	no	none	no	no	F	8	29302	20 dicoumarol
G8_plate2	159	TTGTTGGAATCC	G8_plate2_Lisa_cult103_MB007_1.25_20 benzbromarone_20_biol2_tech2_no	G8	plate2	cult103	MB008	MGAM	103	20	biol2	tech1	J8LYJ-lane1G8plate2	J8LYJ	lane1	Lisa	no Stool cult	noMK	1.25	20 dicoumarol	no	none	no	no	G	8	27316	20 dicoumarol
H8_plate2	160	AAACACAGTCTT	H8_plate2_Lisa_cult103_MB008_1.25_20 benzbromarone_20_biol2_tech2_no	H8	plate2	cult103	MB009	MGAM	103	20	biol2	tech1	J8LYJ-lane1H8plate2	J8LYJ	lane1	Lisa	no Stool cult	noMK	1.25	20 dicoumarol	no	none	no	no	H	8	31282	20 dicoumarol
A9_plate2	161	ATGGGTTAATCC	A9_plate2_Lisa_cult103_MB001_1.25_20 dicoumarol_20_biol2_tech2_no	A9	plate2	cult103	MB001	MGAM	103	20	biol2	tech2	J8LYJ-lane1A9plate2	J8LYJ	lane1	Lisa	no Stool cult	noMK	1.25	20 dicoumarol	no	none	no	no	A	9	19217	20 dicoumarol
B9_plate2	162	GAAACCAGTCGG	B9_plate2_Lisa_cult103_MB002_1.25_20 dicoumarol_20_biol2_tech2_no	B9	plate2	cult103	MB002	MGAM	103	20	biol2	tech2	J8LYJ-lane1B9plate2	J8LYJ	lane1	Lisa	no Stool cult	noMK	1.25	20 dicoumarol	no	none	no	no	B	9	38044	20 dicoumarol
C9_plate2	163	GCAAATTAACCC	C9_plate2_Lisa_cult103_MB003_1.25_20 dicoumarol_20_biol2_tech2_no	C9	plate2	cult103	MB003	MGAM	103	20	biol2	tech2	J8LYJ-lane1C9plate2	J8LYJ	lane1	Lisa	no Stool cult	noMK	1.25	20 dicoumarol	no	none	no	no	C	9	26675	20 dicoumarol
D9_plate2	164	CTTTGCAGTGGG	D9_plate2_Lisa_cult103_MB004_1.25_20 dicoumarol_20_biol2_tech2_no	D9	plate2	cult103	MB005	MGAM	103	20	biol2	tech2	J8LYJ-lane1D9plate2	J8LYJ	lane1	Lisa	no Stool cult	noMK	1.25	20 dicoumarol	no	none	no	no	D	9	25837	20 dicoumarol
E9_plate2	165	TTTGCGCTATCC	E9_plate2_Lisa_cult103_MB005_1.25_20 dicoumarol_20_biol2_tech2_no	E9	plate2	cult103	MB006	MGAM	103	20	biol2	tech2	J8LYJ-lane1E9plate2	J8LYJ	lane1	Lisa	no Stool cult	noMK	1.25	20 dicoumarol	no	none	no	no	E	9	26805	20 dicoumarol
F9_plate2	166	CCACTCTCTCTT	F9_plate2_Lisa_cult103_MB006_1.25_20 dicoumarol_20_biol2_tech2_no	F9	plate2	cult103	MB007	MGAM	103	20	biol2	tech2	J8LYJ-lane1F9plate2	J8LYJ	lane1	Lisa	no Stool cult	noMK	1.25	20 dicoumarol	no	none	no	no	F	9	35372	20 dicoumarol
G9_plate2	167	AAACGGCTATCC	G9_plate2_Lisa_cult103_MB007_1.25_20 dicoumarol_20_biol2_tech2_no	G9	plate2	cult103	MB008	MGAM	103	20	biol2	tech2	J8LYJ-lane1G9plate2	J8LYJ	lane1	Lisa	no Stool cult	noMK	1.25	20 dicoumarol	no	none	no	no	G	9	31030	20 dicoumarol
H9_plate2	168	TGTGAAGCTCGG	H9_plate2_Lisa_cult103_MB008_1.25_20 dicoumarol_20_biol2_tech2_no	H9	plate2	cult103	MB009	MGAM	103	20	biol2	tech2	J8LYJ-lane1H9plate2	J8LYJ	lane1	Lisa	no Stool cult	noMK	1.25	20 dicoumarol	no	none	no	no	H	9	16029	20 dicoumarol
B10_plate2	170	AACAGCTCTCTT	B10_plate2_Lisa_cult103_MB002_1.25_40 tolfenamic acid_20_biol2_tech2_no	B10	plate2	cult103	MB002	MGAM	103	20	biol2	tech2	J8LYJ-lane1B10plate2	J8LYJ	lane1	Lisa	no Stool cult	noMK	1.25	40 tolfenamic acid	no	none	no	no	B	10	79459	40 tolfenamic acid
C10_plate2	171	CCCATGCTAGCC	C10_plate2_Lisa_cult103_MB003_1.25_40 tolfenamic acid_20_biol2_tech2_no	C10	plate2	cult103	MB003	MGAM	103	20	biol2	tech2	J8LYJ-lane1C10plate2	J8LYJ	lane1	Lisa	no Stool cult	noMK	1.25	40 tolfenamic acid	no	none	no	no	C	10	54446	40 tolfenamic acid
D10_plate2	172	TTGTCCTCTCTT	D10_plate2_Lisa_cult103_MB004_1.25_40 tolfenamic acid_20_biol2_tech2_no	D10	plate2	cult103	MB005	MGAM	103	20	biol2	tech2	J8LYJ-lane1D10plate2	J8LYJ	lane1	Lisa	no Stool cult	noMK	1.25	40 tolfenamic acid	no	none	no	no	D	10	35395	40 tolfenamic acid
E10_plate2	173	GAAGCCGTATCC	E10_plate2_Lisa_cult103_MB005_1.25_40 tolfenamic acid_20_biol2_tech2_no	E10	plate2	cult103	MB006	MGAM	103	20	biol2	tech2	J8LYJ-lane1E10plate2	J8LYJ	lane1	Lisa	no Stool cult	noMK	1.25	40 tolfenamic acid	no	none	no	no	E	10	48910	40 tolfenamic acid
F10_plate2	174	CTGAGGACTCTT	F10_plate2_Lisa_cult103_MB006_1.25_40 tolfenamic acid_20_biol2_tech2_no	F10	plate2	cult103	MB007	MGAM	103	20	biol2	tech2	J8LYJ-lane1F10plate2	J8LYJ	lane1	Lisa	no Stool cult	noMK	1.25	40 tolfenamic acid	no	none	no	no	F	10	46654	40 tolfenamic acid
G10_plate2	175	CTTCGCGTAGCC	G10_plate2_Lisa_cult103_MB007_1.25_40 tolfenamic acid_20_biol2_tech2_no	G10	plate2	cult103	MB008	MGAM	103	20	biol2	tech2	J8LYJ-lane1G10plate2	J8LYJ	lane1	Lisa	no Stool cult	noMK	1.25	40 tolfenamic acid	no	none	no	no	G	10	19538	40 tolfenamic acid
H10_plate2	176	GACTCGACTCTT	H10_plate2_Lisa_cult103_MB008_1.25_40 tolfenamic acid_20_biol2_tech2_no	H10	plate2	cult103	MB009	MGAM	103	20	biol2	tech2	J8LYJ-lane1H10plate2	J8LYJ	lane1	Lisa	no Stool cult	noMK	1.25	40 tolfenamic acid	no	none	no	no	H	10	29097	40 tolfenamic acid
A11_plate2	177	TCCTACGTATCC	A11_plate2_Lisa_cult103_MB010_0_no antidote_20_biol2_tech1_no	A11	plate2	cult103	MB010	MGAM	103	20	biol2	tech1	J8LYJ-lane1A11plate2	J8LYJ	lane1	Lisa	no Stool cult	noMK	0	no antidote	no	none	no	no	A	11	93701	no treatment
B11_plate2	178	AGTCTGACTCTT	B11_plate2_Lisa_cult103_MB010_1.25_no antidote_20_biol2_tech1_no	B11	plate2	cult103	MB010	MGAM	103	20	biol2	tech1	J8LYJ-lane1B11plate2	J8LYJ	lane1	Lisa	no Stool cult	noMK	1.25	no antidote	no	none	no	no	B	11	99192	no antidote
C11_plate2	179	ATGGCGCGCTGG	C11_plate2_Lisa_cult103_MB010_1.25_20 benzbromarone_20_biol2_tech1_no	C11	plate2	cult103	MB010	MGAM	103	20	biol2	tech1	J8LYJ-lane1C11plate2	J8LYJ	lane1	Lisa	no Stool cult	noMK	1.25	20 benzbromarone	no	none	no	no	C	11	48716	20 benzbromarone
D11_plate2	180	GCCCTCTAGCAA	D11_plate2_Lisa_cult103_MB010_1.25_20 dicoumarol_20_biol2_tech1_no	D11	plate2	cult103	MB010	MGAM	103	20	biol2	tech1	J8LYJ-lane1D11plate2	J8LYJ	lane1	Lisa	no Stool cult	noMK	1.25	20 dicoumarol	no	none	no	no	D	11	44681	20 dicoumarol
E11_plate2	181	CGTTAGCGCGGG	E11_plate2_Lisa_cult103_MB010_1.25_40 tolfenamic acid_20_biol2_tech1_no	E11	plate2	cult103	MB010	MGAM	103	20	biol2	tech1	J8LYJ-lane1E11plate2	J8LYJ	lane1	Lisa	no Stool cult	noMK	1.25	40 tolfenamic acid	no	none	no	no	E	11	66153	40 tolfenamic acid
A12_plate2	185	GGTGCTAGCTGG	A12_plate2_Lisa_cult103_MB010_0_no antidote_20_biol2_tech2_no	A12	plate2	cult103	MB010	MGAM	103	20	biol2	tech2	J8LYJ-lane1A12plate2	J8LYJ	lane1	Lisa	no Stool cult	noMK	0	no antidote	no	none	no	no	A	12	118624	no treatment
B12_plate2	186	CCCAGAGAGCAA	B12_plate2_Lisa_cult103_MB010_1.25_no antidote_20_biol2_tech2_no	B12	plate2	cult103	MB010	MGAM	103	20	biol2	tech2	J8LYJ-lane1B12plate2	J8LYJ	lane1	Lisa	no Stool cult	noMK	1.25	no antidote	no	none	no	no	B	12	13080	no antidote
C12_plate2	187	TCAGCATGCTGG	C12_plate2_Lisa_cult103_MB010_1.25_20 benzbromarone_20_biol2_tech2_no	C12	plate2	cult103	MB010	MGAM	103	20	biol2	tech2	J8LYJ-lane1C12plate2	J8LYJ	lane1	Lisa	no Stool cult	noMK	1.25	20 benzbromarone	no	none	no	no	C	12	71528	20 benzbromarone
D12_plate2	188	AGGAGTCAGCAA	D12_plate2_Lisa_cult103_MB010_1.25_20 dicoumarol_20_biol2_tech2_no	D12	plate2	cult103	MB010	MGAM	103	20	biol2	tech2	J8LYJ-lane1D12plate2	J8LYJ	lane1	Lisa	no Stool cult	noMK	1.25	20 dicoumarol	no	none	no	no	D	12	57023	20 dicoumarol
E12_plate2	189	AGTCGATGCTGG	E12_plate2_Lisa_cult103_MB010_1.25_40 tolfenamic acid_20_biol2_tech2_no	E12	plate2	cult103	MB010	MGAM	103	20	biol2	tech2	J8LYJ-lane1E12plate2	J8LYJ	lane1	Lisa	no Stool cult	noMK	1.25	40 tolfenamic acid	no	none	no	no	E	12	55878	40 tolfenamic acid
