target_species	prestwick_ID	human_use	n_hit	hit
antiseptic	Prestw-1194	TRUE	36	TRUE
antiseptic	Prestw-143	TRUE	40	TRUE
antiseptic	Prestw-1472	TRUE	37	TRUE
antiseptic	Prestw-1479	TRUE	29	TRUE
antiseptic	Prestw-388	TRUE	29	TRUE
antiseptic	Prestw-551	TRUE	6	TRUE
antiseptic	Prestw-705	TRUE	33	TRUE
antiseptic	Prestw-708	TRUE	35	TRUE
antiseptic	Prestw-711	TRUE	0	FALSE
antiseptic	Prestw-777	TRUE	37	TRUE
antiseptic	Prestw-787	TRUE	32	TRUE
antiseptic	Prestw-925	TRUE	24	TRUE
bacteria	Prestw-10	TRUE	0	FALSE
bacteria	Prestw-1000	TRUE	22	TRUE
bacteria	Prestw-1009	TRUE	19	TRUE
bacteria	Prestw-1010	TRUE	34	TRUE
bacteria	Prestw-1011	TRUE	28	TRUE
bacteria	Prestw-1028	TRUE	35	TRUE
bacteria	Prestw-1053	TRUE	2	TRUE
bacteria	Prestw-1067	TRUE	36	TRUE
bacteria	Prestw-1078	TRUE	38	TRUE
bacteria	Prestw-1086	TRUE	0	FALSE
bacteria	Prestw-1089	TRUE	1	TRUE
bacteria	Prestw-1106	TRUE	37	TRUE
bacteria	Prestw-1109	TRUE	40	TRUE
bacteria	Prestw-1113	TRUE	0	FALSE
bacteria	Prestw-1118	TRUE	30	TRUE
bacteria	Prestw-1120	TRUE	38	TRUE
bacteria	Prestw-113	TRUE	39	TRUE
bacteria	Prestw-114	TRUE	35	TRUE
bacteria	Prestw-1157	TRUE	39	TRUE
bacteria	Prestw-1202	TRUE	0	FALSE
bacteria	Prestw-1234	TRUE	39	TRUE
bacteria	Prestw-1263	TRUE	33	TRUE
bacteria	Prestw-1265	TRUE	38	TRUE
bacteria	Prestw-1282	TRUE	0	FALSE
bacteria	Prestw-1303	TRUE	18	TRUE
bacteria	Prestw-1315	TRUE	2	TRUE
bacteria	Prestw-1321	TRUE	0	FALSE
bacteria	Prestw-1338	TRUE	33	TRUE
bacteria	Prestw-1339	TRUE	38	TRUE
bacteria	Prestw-1343	TRUE	34	TRUE
bacteria	Prestw-1345	TRUE	4	TRUE
bacteria	Prestw-1349	TRUE	14	TRUE
bacteria	Prestw-137	TRUE	39	TRUE
bacteria	Prestw-1378	TRUE	39	TRUE
bacteria	Prestw-1379	TRUE	39	TRUE
bacteria	Prestw-139	TRUE	35	TRUE
bacteria	Prestw-1399	TRUE	40	TRUE
bacteria	Prestw-14	TRUE	0	FALSE
bacteria	Prestw-140	TRUE	39	TRUE
bacteria	Prestw-1401	TRUE	28	TRUE
bacteria	Prestw-1414	TRUE	10	TRUE
bacteria	Prestw-1429	TRUE	39	TRUE
bacteria	Prestw-1431	TRUE	28	TRUE
bacteria	Prestw-1446	TRUE	39	TRUE
bacteria	Prestw-1447	TRUE	4	TRUE
bacteria	Prestw-145	TRUE	40	TRUE
bacteria	Prestw-1464	TRUE	40	TRUE
bacteria	Prestw-1474	TRUE	32	TRUE
bacteria	Prestw-1475	TRUE	25	TRUE
bacteria	Prestw-1478	TRUE	38	TRUE
bacteria	Prestw-151	TRUE	37	TRUE
bacteria	Prestw-154	TRUE	37	TRUE
bacteria	Prestw-158	TRUE	0	FALSE
bacteria	Prestw-159	TRUE	4	TRUE
bacteria	Prestw-16	TRUE	0	FALSE
bacteria	Prestw-160	TRUE	3	TRUE
bacteria	Prestw-161	TRUE	0	FALSE
bacteria	Prestw-164	TRUE	33	TRUE
bacteria	Prestw-166	TRUE	18	TRUE
bacteria	Prestw-168	TRUE	31	TRUE
bacteria	Prestw-177	TRUE	0	FALSE
bacteria	Prestw-185	TRUE	7	TRUE
bacteria	Prestw-186	TRUE	27	TRUE
bacteria	Prestw-193	TRUE	4	TRUE
bacteria	Prestw-204	TRUE	25	TRUE
bacteria	Prestw-208	TRUE	21	TRUE
bacteria	Prestw-21	TRUE	0	FALSE
bacteria	Prestw-221	TRUE	22	TRUE
bacteria	Prestw-23	TRUE	0	FALSE
bacteria	Prestw-237	TRUE	23	TRUE
bacteria	Prestw-238	TRUE	26	TRUE
bacteria	Prestw-25	TRUE	39	TRUE
bacteria	Prestw-28	TRUE	0	FALSE
bacteria	Prestw-302	TRUE	37	TRUE
bacteria	Prestw-307	TRUE	39	TRUE
bacteria	Prestw-31	TRUE	40	TRUE
bacteria	Prestw-315	TRUE	40	TRUE
bacteria	Prestw-321	TRUE	0	FALSE
bacteria	Prestw-327	TRUE	35	TRUE
bacteria	Prestw-334	TRUE	0	FALSE
bacteria	Prestw-35	TRUE	0	FALSE
bacteria	Prestw-357	TRUE	35	TRUE
bacteria	Prestw-36	TRUE	33	TRUE
bacteria	Prestw-376	TRUE	25	TRUE
bacteria	Prestw-390	TRUE	35	TRUE
bacteria	Prestw-394	TRUE	0	FALSE
bacteria	Prestw-395	TRUE	11	TRUE
bacteria	Prestw-416	TRUE	25	TRUE
bacteria	Prestw-424	TRUE	9	TRUE
bacteria	Prestw-434	TRUE	2	TRUE
bacteria	Prestw-450	TRUE	30	TRUE
bacteria	Prestw-456	TRUE	40	TRUE
bacteria	Prestw-462	TRUE	25	TRUE
bacteria	Prestw-470	TRUE	33	TRUE
bacteria	Prestw-473	TRUE	30	TRUE
bacteria	Prestw-482	TRUE	29	TRUE
bacteria	Prestw-485	TRUE	17	TRUE
bacteria	Prestw-486	TRUE	21	TRUE
bacteria	Prestw-489	TRUE	26	TRUE
bacteria	Prestw-497	TRUE	30	TRUE
bacteria	Prestw-506	TRUE	2	TRUE
bacteria	Prestw-514	TRUE	0	FALSE
bacteria	Prestw-519	TRUE	33	TRUE
bacteria	Prestw-525	TRUE	39	TRUE
bacteria	Prestw-526	TRUE	0	FALSE
bacteria	Prestw-544	TRUE	11	TRUE
bacteria	Prestw-555	TRUE	37	TRUE
bacteria	Prestw-557	TRUE	36	TRUE
bacteria	Prestw-694	TRUE	0	FALSE
bacteria	Prestw-700	TRUE	29	TRUE
bacteria	Prestw-702	TRUE	0	FALSE
bacteria	Prestw-719	TRUE	34	TRUE
bacteria	Prestw-720	TRUE	31	TRUE
bacteria	Prestw-723	TRUE	33	TRUE
bacteria	Prestw-724	TRUE	0	FALSE
bacteria	Prestw-728	TRUE	0	FALSE
bacteria	Prestw-729	TRUE	0	FALSE
bacteria	Prestw-736	TRUE	37	TRUE
bacteria	Prestw-742	TRUE	0	FALSE
bacteria	Prestw-745	TRUE	36	TRUE
bacteria	Prestw-753	TRUE	40	TRUE
bacteria	Prestw-755	TRUE	37	TRUE
bacteria	Prestw-758	TRUE	1	TRUE
bacteria	Prestw-762	TRUE	0	FALSE
bacteria	Prestw-766	TRUE	34	TRUE
bacteria	Prestw-769	TRUE	0	FALSE
bacteria	Prestw-775	TRUE	0	FALSE
bacteria	Prestw-780	TRUE	4	TRUE
bacteria	Prestw-804	TRUE	5	TRUE
bacteria	Prestw-805	TRUE	0	FALSE
bacteria	Prestw-808	TRUE	39	TRUE
bacteria	Prestw-81	TRUE	33	TRUE
bacteria	Prestw-814	TRUE	21	TRUE
bacteria	Prestw-819	TRUE	31	TRUE
bacteria	Prestw-821	TRUE	30	TRUE
bacteria	Prestw-832	TRUE	33	TRUE
bacteria	Prestw-843	TRUE	26	TRUE
bacteria	Prestw-854	TRUE	37	TRUE
bacteria	Prestw-867	TRUE	0	FALSE
bacteria	Prestw-869	TRUE	0	FALSE
bacteria	Prestw-897	TRUE	3	TRUE
bacteria	Prestw-913	TRUE	0	FALSE
bacteria	Prestw-919	TRUE	30	TRUE
bacteria	Prestw-964	TRUE	40	TRUE
fungi	Prestw-1045	TRUE	15	TRUE
fungi	Prestw-1063	TRUE	0	FALSE
fungi	Prestw-1125	TRUE	21	TRUE
fungi	Prestw-1139	TRUE	0	FALSE
fungi	Prestw-1140	TRUE	0	FALSE
fungi	Prestw-1184	TRUE	25	TRUE
fungi	Prestw-1241	TRUE	19	TRUE
fungi	Prestw-1252	TRUE	6	TRUE
fungi	Prestw-1269	TRUE	4	TRUE
fungi	Prestw-127	TRUE	28	TRUE
fungi	Prestw-1417	TRUE	0	FALSE
fungi	Prestw-1500	TRUE	0	FALSE
fungi	Prestw-226	TRUE	0	FALSE
fungi	Prestw-234	TRUE	0	FALSE
fungi	Prestw-267	TRUE	28	TRUE
fungi	Prestw-304	TRUE	24	TRUE
fungi	Prestw-389	TRUE	10	TRUE
fungi	Prestw-408	TRUE	17	TRUE
fungi	Prestw-410	TRUE	0	FALSE
fungi	Prestw-495	TRUE	0	FALSE
fungi	Prestw-517	TRUE	0	FALSE
fungi	Prestw-524	TRUE	0	FALSE
fungi	Prestw-541	TRUE	0	FALSE
fungi	Prestw-67	TRUE	26	TRUE
fungi	Prestw-70	TRUE	5	TRUE
fungi	Prestw-810	TRUE	14	TRUE
fungi	Prestw-934	TRUE	1	TRUE
human	Prestw-1	TRUE	13	TRUE
human	Prestw-100	TRUE	0	FALSE
human	Prestw-1001	TRUE	0	FALSE
human	Prestw-1002	TRUE	0	FALSE
human	Prestw-1003	TRUE	0	FALSE
human	Prestw-1004	TRUE	0	FALSE
human	Prestw-1006	TRUE	0	FALSE
human	Prestw-101	TRUE	1	TRUE
human	Prestw-1012	TRUE	0	FALSE
human	Prestw-1013	TRUE	1	TRUE
human	Prestw-1014	TRUE	3	TRUE
human	Prestw-1015	TRUE	0	FALSE
human	Prestw-1016	TRUE	0	FALSE
human	Prestw-1017	TRUE	0	FALSE
human	Prestw-1018	TRUE	0	FALSE
human	Prestw-1019	TRUE	1	TRUE
human	Prestw-102	TRUE	2	TRUE
human	Prestw-1020	TRUE	0	FALSE
human	Prestw-1021	TRUE	0	FALSE
human	Prestw-1023	TRUE	0	FALSE
human	Prestw-1025	TRUE	0	FALSE
human	Prestw-1027	TRUE	0	FALSE
human	Prestw-1029	TRUE	0	FALSE
human	Prestw-103	TRUE	1	TRUE
human	Prestw-1030	TRUE	0	FALSE
human	Prestw-1032	TRUE	0	FALSE
human	Prestw-1033	TRUE	0	FALSE
human	Prestw-1034	TRUE	0	FALSE
human	Prestw-1035	TRUE	0	FALSE
human	Prestw-1036	TRUE	0	FALSE
human	Prestw-1038	TRUE	0	FALSE
human	Prestw-1039	TRUE	0	FALSE
human	Prestw-104	TRUE	1	TRUE
human	Prestw-1041	TRUE	4	TRUE
human	Prestw-1042	TRUE	0	FALSE
human	Prestw-1043	TRUE	0	FALSE
human	Prestw-1044	TRUE	0	FALSE
human	Prestw-1046	TRUE	0	FALSE
human	Prestw-1047	TRUE	0	FALSE
human	Prestw-1049	TRUE	0	FALSE
human	Prestw-105	TRUE	0	FALSE
human	Prestw-1050	TRUE	0	FALSE
human	Prestw-1051	TRUE	7	TRUE
human	Prestw-1052	TRUE	1	TRUE
human	Prestw-1055	TRUE	0	FALSE
human	Prestw-1057	TRUE	0	FALSE
human	Prestw-1058	TRUE	0	FALSE
human	Prestw-1059	TRUE	0	FALSE
human	Prestw-106	TRUE	1	TRUE
human	Prestw-1060	TRUE	1	TRUE
human	Prestw-1061	TRUE	0	FALSE
human	Prestw-1062	TRUE	0	FALSE
human	Prestw-1064	TRUE	0	FALSE
human	Prestw-1065	TRUE	0	FALSE
human	Prestw-1066	TRUE	1	TRUE
human	Prestw-1068	TRUE	4	TRUE
human	Prestw-1069	TRUE	0	FALSE
human	Prestw-1072	TRUE	7	TRUE
human	Prestw-1073	TRUE	0	FALSE
human	Prestw-1074	TRUE	0	FALSE
human	Prestw-1075	TRUE	0	FALSE
human	Prestw-1076	TRUE	0	FALSE
human	Prestw-1079	TRUE	0	FALSE
human	Prestw-108	TRUE	0	FALSE
human	Prestw-1080	TRUE	1	TRUE
human	Prestw-1081	TRUE	0	FALSE
human	Prestw-1082	TRUE	0	FALSE
human	Prestw-1088	TRUE	0	FALSE
human	Prestw-109	TRUE	0	FALSE
human	Prestw-1091	TRUE	0	FALSE
human	Prestw-1092	TRUE	0	FALSE
human	Prestw-1095	TRUE	0	FALSE
human	Prestw-1096	TRUE	0	FALSE
human	Prestw-1097	TRUE	0	FALSE
human	Prestw-1099	TRUE	0	FALSE
human	Prestw-11	TRUE	0	FALSE
human	Prestw-110	TRUE	2	TRUE
human	Prestw-1101	TRUE	0	FALSE
human	Prestw-1102	TRUE	1	TRUE
human	Prestw-1104	TRUE	0	FALSE
human	Prestw-1107	TRUE	0	FALSE
human	Prestw-1108	TRUE	0	FALSE
human	Prestw-111	TRUE	0	FALSE
human	Prestw-1111	TRUE	0	FALSE
human	Prestw-1112	TRUE	0	FALSE
human	Prestw-1116	TRUE	0	FALSE
human	Prestw-1119	TRUE	0	FALSE
human	Prestw-112	TRUE	0	FALSE
human	Prestw-1127	TRUE	0	FALSE
human	Prestw-1129	TRUE	0	FALSE
human	Prestw-1130	TRUE	4	TRUE
human	Prestw-1132	TRUE	0	FALSE
human	Prestw-1134	TRUE	0	FALSE
human	Prestw-1136	TRUE	0	FALSE
human	Prestw-1137	TRUE	0	FALSE
human	Prestw-1144	TRUE	0	FALSE
human	Prestw-1147	TRUE	0	FALSE
human	Prestw-115	TRUE	2	TRUE
human	Prestw-1152	TRUE	1	TRUE
human	Prestw-1154	TRUE	0	FALSE
human	Prestw-1156	TRUE	0	FALSE
human	Prestw-1158	TRUE	0	FALSE
human	Prestw-1159	TRUE	0	FALSE
human	Prestw-116	TRUE	0	FALSE
human	Prestw-1161	TRUE	9	TRUE
human	Prestw-1162	TRUE	0	FALSE
human	Prestw-1165	TRUE	0	FALSE
human	Prestw-1166	TRUE	0	FALSE
human	Prestw-1167	TRUE	33	TRUE
human	Prestw-1169	TRUE	0	FALSE
human	Prestw-117	TRUE	1	TRUE
human	Prestw-1170	TRUE	0	FALSE
human	Prestw-1173	TRUE	0	FALSE
human	Prestw-1174	TRUE	6	TRUE
human	Prestw-1178	TRUE	0	FALSE
human	Prestw-1179	TRUE	0	FALSE
human	Prestw-118	TRUE	0	FALSE
human	Prestw-1180	TRUE	0	FALSE
human	Prestw-1181	TRUE	0	FALSE
human	Prestw-1182	TRUE	0	FALSE
human	Prestw-1183	TRUE	1	TRUE
human	Prestw-1187	TRUE	0	FALSE
human	Prestw-1188	TRUE	1	TRUE
human	Prestw-1189	TRUE	8	TRUE
human	Prestw-119	TRUE	0	FALSE
human	Prestw-1190	TRUE	0	FALSE
human	Prestw-1192	TRUE	0	FALSE
human	Prestw-1196	TRUE	0	FALSE
human	Prestw-1197	TRUE	9	TRUE
human	Prestw-1198	TRUE	0	FALSE
human	Prestw-1199	TRUE	0	FALSE
human	Prestw-12	TRUE	0	FALSE
human	Prestw-120	TRUE	0	FALSE
human	Prestw-1203	TRUE	26	TRUE
human	Prestw-1206	TRUE	0	FALSE
human	Prestw-1207	TRUE	0	FALSE
human	Prestw-121	TRUE	0	FALSE
human	Prestw-1210	TRUE	0	FALSE
human	Prestw-1211	TRUE	7	TRUE
human	Prestw-1213	TRUE	0	FALSE
human	Prestw-1217	TRUE	0	FALSE
human	Prestw-1219	TRUE	2	TRUE
human	Prestw-1222	TRUE	0	FALSE
human	Prestw-1223	TRUE	6	TRUE
human	Prestw-1224	TRUE	11	TRUE
human	Prestw-1228	TRUE	0	FALSE
human	Prestw-1229	TRUE	3	TRUE
human	Prestw-1231	TRUE	3	TRUE
human	Prestw-1232	TRUE	0	FALSE
human	Prestw-1233	TRUE	36	TRUE
human	Prestw-1236	TRUE	0	FALSE
human	Prestw-1239	TRUE	0	FALSE
human	Prestw-1242	TRUE	2	TRUE
human	Prestw-1244	TRUE	1	TRUE
human	Prestw-1246	TRUE	0	FALSE
human	Prestw-125	TRUE	4	TRUE
human	Prestw-1251	TRUE	0	FALSE
human	Prestw-1253	TRUE	0	FALSE
human	Prestw-1254	TRUE	1	TRUE
human	Prestw-1256	TRUE	0	FALSE
human	Prestw-1257	TRUE	0	FALSE
human	Prestw-1258	TRUE	0	FALSE
human	Prestw-1259	TRUE	0	FALSE
human	Prestw-1262	TRUE	1	TRUE
human	Prestw-1266	TRUE	2	TRUE
human	Prestw-1267	TRUE	0	FALSE
human	Prestw-1268	TRUE	0	FALSE
human	Prestw-1270	TRUE	8	TRUE
human	Prestw-1271	TRUE	0	FALSE
human	Prestw-1274	TRUE	0	FALSE
human	Prestw-128	TRUE	0	FALSE
human	Prestw-1280	TRUE	0	FALSE
human	Prestw-1283	TRUE	0	FALSE
human	Prestw-1285	TRUE	0	FALSE
human	Prestw-1286	TRUE	0	FALSE
human	Prestw-1288	TRUE	3	TRUE
human	Prestw-129	TRUE	0	FALSE
human	Prestw-1290	TRUE	0	FALSE
human	Prestw-1294	TRUE	0	FALSE
human	Prestw-1295	TRUE	0	FALSE
human	Prestw-1297	TRUE	6	TRUE
human	Prestw-13	TRUE	0	FALSE
human	Prestw-130	TRUE	0	FALSE
human	Prestw-1307	TRUE	0	FALSE
human	Prestw-1308	TRUE	0	FALSE
human	Prestw-131	TRUE	0	FALSE
human	Prestw-1310	TRUE	0	FALSE
human	Prestw-1314	TRUE	2	TRUE
human	Prestw-1316	TRUE	0	FALSE
human	Prestw-1317	TRUE	1	TRUE
human	Prestw-1318	TRUE	0	FALSE
human	Prestw-1319	TRUE	0	FALSE
human	Prestw-132	TRUE	7	TRUE
human	Prestw-1322	TRUE	0	FALSE
human	Prestw-1323	TRUE	1	TRUE
human	Prestw-1328	TRUE	0	FALSE
human	Prestw-133	TRUE	0	FALSE
human	Prestw-1334	TRUE	0	FALSE
human	Prestw-1336	TRUE	0	FALSE
human	Prestw-1337	TRUE	0	FALSE
human	Prestw-134	TRUE	0	FALSE
human	Prestw-1341	TRUE	9	TRUE
human	Prestw-1342	TRUE	0	FALSE
human	Prestw-1346	TRUE	1	TRUE
human	Prestw-135	TRUE	12	TRUE
human	Prestw-1350	TRUE	4	TRUE
human	Prestw-1352	TRUE	0	FALSE
human	Prestw-1356	TRUE	4	TRUE
human	Prestw-1358	TRUE	0	FALSE
human	Prestw-1359	TRUE	4	TRUE
human	Prestw-136	TRUE	10	TRUE
human	Prestw-1361	TRUE	0	FALSE
human	Prestw-1362	TRUE	0	FALSE
human	Prestw-1363	TRUE	0	FALSE
human	Prestw-1364	TRUE	17	TRUE
human	Prestw-1365	TRUE	1	TRUE
human	Prestw-1367	TRUE	0	FALSE
human	Prestw-1368	TRUE	7	TRUE
human	Prestw-1369	TRUE	0	FALSE
human	Prestw-1371	TRUE	0	FALSE
human	Prestw-1374	TRUE	0	FALSE
human	Prestw-1376	TRUE	5	TRUE
human	Prestw-138	TRUE	19	TRUE
human	Prestw-1380	TRUE	0	FALSE
human	Prestw-1381	TRUE	0	FALSE
human	Prestw-1383	TRUE	0	FALSE
human	Prestw-1390	TRUE	0	FALSE
human	Prestw-1392	TRUE	0	FALSE
human	Prestw-1393	TRUE	0	FALSE
human	Prestw-1398	TRUE	0	FALSE
human	Prestw-1403	TRUE	10	TRUE
human	Prestw-1405	TRUE	0	FALSE
human	Prestw-1407	TRUE	2	TRUE
human	Prestw-1408	TRUE	0	FALSE
human	Prestw-1409	TRUE	1	TRUE
human	Prestw-141	TRUE	0	FALSE
human	Prestw-1410	TRUE	0	FALSE
human	Prestw-1415	TRUE	20	TRUE
human	Prestw-1419	TRUE	0	FALSE
human	Prestw-142	TRUE	0	FALSE
human	Prestw-1420	TRUE	0	FALSE
human	Prestw-1421	TRUE	0	FALSE
human	Prestw-1423	TRUE	0	FALSE
human	Prestw-1424	TRUE	0	FALSE
human	Prestw-1427	TRUE	0	FALSE
human	Prestw-1430	TRUE	0	FALSE
human	Prestw-1432	TRUE	15	TRUE
human	Prestw-1433	TRUE	0	FALSE
human	Prestw-144	TRUE	2	TRUE
human	Prestw-1441	TRUE	0	FALSE
human	Prestw-1443	TRUE	0	FALSE
human	Prestw-1444	TRUE	2	TRUE
human	Prestw-1449	TRUE	0	FALSE
human	Prestw-1452	TRUE	1	TRUE
human	Prestw-1454	TRUE	0	FALSE
human	Prestw-1455	TRUE	0	FALSE
human	Prestw-1456	TRUE	0	FALSE
human	Prestw-146	TRUE	16	TRUE
human	Prestw-1463	TRUE	0	FALSE
human	Prestw-1465	TRUE	0	FALSE
human	Prestw-1467	TRUE	13	TRUE
human	Prestw-1469	TRUE	4	TRUE
human	Prestw-147	TRUE	0	FALSE
human	Prestw-1471	TRUE	0	FALSE
human	Prestw-1473	TRUE	11	TRUE
human	Prestw-1476	TRUE	0	FALSE
human	Prestw-1477	TRUE	0	FALSE
human	Prestw-148	TRUE	0	FALSE
human	Prestw-1480	TRUE	2	TRUE
human	Prestw-1481	TRUE	0	FALSE
human	Prestw-1482	TRUE	0	FALSE
human	Prestw-1483	TRUE	1	TRUE
human	Prestw-1484	TRUE	3	TRUE
human	Prestw-1486	TRUE	0	FALSE
human	Prestw-1487	TRUE	0	FALSE
human	Prestw-1489	TRUE	0	FALSE
human	Prestw-149	TRUE	0	FALSE
human	Prestw-1490	TRUE	0	FALSE
human	Prestw-1491	TRUE	0	FALSE
human	Prestw-1492	TRUE	0	FALSE
human	Prestw-1493	TRUE	0	FALSE
human	Prestw-1494	TRUE	0	FALSE
human	Prestw-1495	TRUE	6	TRUE
human	Prestw-1497	TRUE	0	FALSE
human	Prestw-1498	TRUE	0	FALSE
human	Prestw-1499	TRUE	0	FALSE
human	Prestw-15	TRUE	0	FALSE
human	Prestw-150	TRUE	0	FALSE
human	Prestw-1501	TRUE	0	FALSE
human	Prestw-1502	TRUE	0	FALSE
human	Prestw-1503	TRUE	0	FALSE
human	Prestw-1506	TRUE	0	FALSE
human	Prestw-1507	TRUE	0	FALSE
human	Prestw-1508	TRUE	1	TRUE
human	Prestw-1509	TRUE	0	FALSE
human	Prestw-1510	TRUE	0	FALSE
human	Prestw-1511	TRUE	0	FALSE
human	Prestw-1514	TRUE	1	TRUE
human	Prestw-1515	TRUE	1	TRUE
human	Prestw-1516	TRUE	0	FALSE
human	Prestw-155	TRUE	1	TRUE
human	Prestw-157	TRUE	0	FALSE
human	Prestw-1600	TRUE	10	TRUE
human	Prestw-1601	TRUE	10	TRUE
human	Prestw-1603	TRUE	2	TRUE
human	Prestw-162	TRUE	0	FALSE
human	Prestw-163	TRUE	0	FALSE
human	Prestw-165	TRUE	0	FALSE
human	Prestw-167	TRUE	2	TRUE
human	Prestw-169	TRUE	0	FALSE
human	Prestw-17	TRUE	0	FALSE
human	Prestw-170	TRUE	0	FALSE
human	Prestw-171	TRUE	0	FALSE
human	Prestw-172	TRUE	0	FALSE
human	Prestw-173	TRUE	0	FALSE
human	Prestw-174	TRUE	1	TRUE
human	Prestw-175	TRUE	0	FALSE
human	Prestw-176	TRUE	0	FALSE
human	Prestw-178	TRUE	0	FALSE
human	Prestw-179	TRUE	0	FALSE
human	Prestw-180	TRUE	0	FALSE
human	Prestw-183	TRUE	0	FALSE
human	Prestw-184	TRUE	0	FALSE
human	Prestw-187	TRUE	0	FALSE
human	Prestw-188	TRUE	0	FALSE
human	Prestw-19	TRUE	0	FALSE
human	Prestw-190	TRUE	0	FALSE
human	Prestw-191	TRUE	0	FALSE
human	Prestw-192	TRUE	0	FALSE
human	Prestw-194	TRUE	1	TRUE
human	Prestw-196	TRUE	0	FALSE
human	Prestw-197	TRUE	0	FALSE
human	Prestw-198	TRUE	0	FALSE
human	Prestw-199	TRUE	1	TRUE
human	Prestw-20	TRUE	0	FALSE
human	Prestw-201	TRUE	0	FALSE
human	Prestw-202	TRUE	14	TRUE
human	Prestw-203	TRUE	4	TRUE
human	Prestw-205	TRUE	10	TRUE
human	Prestw-206	TRUE	5	TRUE
human	Prestw-209	TRUE	0	FALSE
human	Prestw-211	TRUE	0	FALSE
human	Prestw-213	TRUE	0	FALSE
human	Prestw-214	TRUE	0	FALSE
human	Prestw-215	TRUE	0	FALSE
human	Prestw-216	TRUE	0	FALSE
human	Prestw-218	TRUE	1	TRUE
human	Prestw-219	TRUE	0	FALSE
human	Prestw-22	TRUE	0	FALSE
human	Prestw-220	TRUE	0	FALSE
human	Prestw-223	TRUE	0	FALSE
human	Prestw-224	TRUE	0	FALSE
human	Prestw-225	TRUE	0	FALSE
human	Prestw-227	TRUE	15	TRUE
human	Prestw-228	TRUE	0	FALSE
human	Prestw-229	TRUE	0	FALSE
human	Prestw-230	TRUE	0	FALSE
human	Prestw-231	TRUE	0	FALSE
human	Prestw-232	TRUE	0	FALSE
human	Prestw-233	TRUE	0	FALSE
human	Prestw-236	TRUE	0	FALSE
human	Prestw-239	TRUE	0	FALSE
human	Prestw-24	TRUE	0	FALSE
human	Prestw-240	TRUE	0	FALSE
human	Prestw-241	TRUE	0	FALSE
human	Prestw-242	TRUE	0	FALSE
human	Prestw-243	TRUE	1	TRUE
human	Prestw-244	TRUE	0	FALSE
human	Prestw-245	TRUE	0	FALSE
human	Prestw-246	TRUE	0	FALSE
human	Prestw-248	TRUE	0	FALSE
human	Prestw-249	TRUE	0	FALSE
human	Prestw-250	TRUE	0	FALSE
human	Prestw-251	TRUE	0	FALSE
human	Prestw-252	TRUE	0	FALSE
human	Prestw-253	TRUE	0	FALSE
human	Prestw-254	TRUE	0	FALSE
human	Prestw-255	TRUE	0	FALSE
human	Prestw-256	TRUE	0	FALSE
human	Prestw-257	TRUE	0	FALSE
human	Prestw-258	TRUE	0	FALSE
human	Prestw-259	TRUE	6	TRUE
human	Prestw-26	TRUE	0	FALSE
human	Prestw-261	TRUE	0	FALSE
human	Prestw-262	TRUE	0	FALSE
human	Prestw-263	TRUE	0	FALSE
human	Prestw-264	TRUE	0	FALSE
human	Prestw-265	TRUE	0	FALSE
human	Prestw-266	TRUE	0	FALSE
human	Prestw-268	TRUE	0	FALSE
human	Prestw-269	TRUE	1	TRUE
human	Prestw-27	TRUE	0	FALSE
human	Prestw-270	TRUE	8	TRUE
human	Prestw-271	TRUE	0	FALSE
human	Prestw-272	TRUE	0	FALSE
human	Prestw-273	TRUE	0	FALSE
human	Prestw-274	TRUE	0	FALSE
human	Prestw-275	TRUE	0	FALSE
human	Prestw-276	TRUE	0	FALSE
human	Prestw-277	TRUE	0	FALSE
human	Prestw-278	TRUE	3	TRUE
human	Prestw-279	TRUE	0	FALSE
human	Prestw-281	TRUE	0	FALSE
human	Prestw-282	TRUE	0	FALSE
human	Prestw-283	TRUE	0	FALSE
human	Prestw-285	TRUE	0	FALSE
human	Prestw-286	TRUE	12	TRUE
human	Prestw-287	TRUE	0	FALSE
human	Prestw-288	TRUE	1	TRUE
human	Prestw-289	TRUE	0	FALSE
human	Prestw-29	TRUE	0	FALSE
human	Prestw-290	TRUE	0	FALSE
human	Prestw-291	TRUE	1	TRUE
human	Prestw-292	TRUE	1	TRUE
human	Prestw-293	TRUE	1	TRUE
human	Prestw-294	TRUE	6	TRUE
human	Prestw-295	TRUE	0	FALSE
human	Prestw-296	TRUE	0	FALSE
human	Prestw-297	TRUE	1	TRUE
human	Prestw-298	TRUE	0	FALSE
human	Prestw-299	TRUE	3	TRUE
human	Prestw-3	TRUE	0	FALSE
human	Prestw-301	TRUE	0	FALSE
human	Prestw-303	TRUE	0	FALSE
human	Prestw-305	TRUE	0	FALSE
human	Prestw-306	TRUE	0	FALSE
human	Prestw-308	TRUE	7	TRUE
human	Prestw-310	TRUE	0	FALSE
human	Prestw-311	TRUE	0	FALSE
human	Prestw-312	TRUE	1	TRUE
human	Prestw-313	TRUE	6	TRUE
human	Prestw-314	TRUE	0	FALSE
human	Prestw-316	TRUE	0	FALSE
human	Prestw-317	TRUE	0	FALSE
human	Prestw-319	TRUE	4	TRUE
human	Prestw-32	TRUE	3	TRUE
human	Prestw-320	TRUE	5	TRUE
human	Prestw-322	TRUE	0	FALSE
human	Prestw-323	TRUE	0	FALSE
human	Prestw-324	TRUE	0	FALSE
human	Prestw-325	TRUE	0	FALSE
human	Prestw-326	TRUE	0	FALSE
human	Prestw-329	TRUE	0	FALSE
human	Prestw-33	TRUE	0	FALSE
human	Prestw-330	TRUE	0	FALSE
human	Prestw-332	TRUE	0	FALSE
human	Prestw-336	TRUE	0	FALSE
human	Prestw-337	TRUE	0	FALSE
human	Prestw-339	TRUE	0	FALSE
human	Prestw-34	TRUE	0	FALSE
human	Prestw-340	TRUE	0	FALSE
human	Prestw-341	TRUE	0	FALSE
human	Prestw-342	TRUE	0	FALSE
human	Prestw-343	TRUE	0	FALSE
human	Prestw-344	TRUE	0	FALSE
human	Prestw-345	TRUE	0	FALSE
human	Prestw-346	TRUE	0	FALSE
human	Prestw-347	TRUE	3	TRUE
human	Prestw-348	TRUE	8	TRUE
human	Prestw-349	TRUE	0	FALSE
human	Prestw-350	TRUE	0	FALSE
human	Prestw-351	TRUE	0	FALSE
human	Prestw-352	TRUE	0	FALSE
human	Prestw-353	TRUE	0	FALSE
human	Prestw-354	TRUE	0	FALSE
human	Prestw-359	TRUE	0	FALSE
human	Prestw-360	TRUE	0	FALSE
human	Prestw-361	TRUE	0	FALSE
human	Prestw-362	TRUE	0	FALSE
human	Prestw-363	TRUE	0	FALSE
human	Prestw-364	TRUE	2	TRUE
human	Prestw-365	TRUE	0	FALSE
human	Prestw-366	TRUE	0	FALSE
human	Prestw-367	TRUE	1	TRUE
human	Prestw-368	TRUE	14	TRUE
human	Prestw-369	TRUE	0	FALSE
human	Prestw-370	TRUE	26	TRUE
human	Prestw-371	TRUE	0	FALSE
human	Prestw-372	TRUE	0	FALSE
human	Prestw-373	TRUE	12	TRUE
human	Prestw-374	TRUE	0	FALSE
human	Prestw-375	TRUE	10	TRUE
human	Prestw-377	TRUE	0	FALSE
human	Prestw-378	TRUE	0	FALSE
human	Prestw-380	TRUE	0	FALSE
human	Prestw-381	TRUE	4	TRUE
human	Prestw-382	TRUE	1	TRUE
human	Prestw-383	TRUE	2	TRUE
human	Prestw-384	TRUE	0	FALSE
human	Prestw-386	TRUE	3	TRUE
human	Prestw-387	TRUE	0	FALSE
human	Prestw-39	TRUE	0	FALSE
human	Prestw-391	TRUE	0	FALSE
human	Prestw-392	TRUE	0	FALSE
human	Prestw-396	TRUE	16	TRUE
human	Prestw-397	TRUE	12	TRUE
human	Prestw-399	TRUE	6	TRUE
human	Prestw-4	TRUE	0	FALSE
human	Prestw-401	TRUE	1	TRUE
human	Prestw-403	TRUE	3	TRUE
human	Prestw-407	TRUE	0	FALSE
human	Prestw-409	TRUE	10	TRUE
human	Prestw-41	TRUE	0	FALSE
human	Prestw-411	TRUE	0	FALSE
human	Prestw-418	TRUE	0	FALSE
human	Prestw-419	TRUE	0	FALSE
human	Prestw-42	TRUE	0	FALSE
human	Prestw-421	TRUE	8	TRUE
human	Prestw-423	TRUE	0	FALSE
human	Prestw-426	TRUE	0	FALSE
human	Prestw-428	TRUE	0	FALSE
human	Prestw-43	TRUE	0	FALSE
human	Prestw-430	TRUE	0	FALSE
human	Prestw-433	TRUE	0	FALSE
human	Prestw-435	TRUE	5	TRUE
human	Prestw-436	TRUE	0	FALSE
human	Prestw-437	TRUE	1	TRUE
human	Prestw-438	TRUE	19	TRUE
human	Prestw-439	TRUE	0	FALSE
human	Prestw-44	TRUE	0	FALSE
human	Prestw-440	TRUE	0	FALSE
human	Prestw-441	TRUE	0	FALSE
human	Prestw-445	TRUE	4	TRUE
human	Prestw-446	TRUE	0	FALSE
human	Prestw-447	TRUE	2	TRUE
human	Prestw-448	TRUE	0	FALSE
human	Prestw-449	TRUE	0	FALSE
human	Prestw-45	TRUE	0	FALSE
human	Prestw-451	TRUE	0	FALSE
human	Prestw-455	TRUE	2	TRUE
human	Prestw-457	TRUE	8	TRUE
human	Prestw-458	TRUE	0	FALSE
human	Prestw-46	TRUE	0	FALSE
human	Prestw-460	TRUE	0	FALSE
human	Prestw-461	TRUE	0	FALSE
human	Prestw-463	TRUE	0	FALSE
human	Prestw-468	TRUE	0	FALSE
human	Prestw-47	TRUE	0	FALSE
human	Prestw-475	TRUE	0	FALSE
human	Prestw-477	TRUE	0	FALSE
human	Prestw-478	TRUE	17	TRUE
human	Prestw-48	TRUE	1	TRUE
human	Prestw-484	TRUE	0	FALSE
human	Prestw-487	TRUE	30	TRUE
human	Prestw-488	TRUE	0	FALSE
human	Prestw-49	TRUE	0	FALSE
human	Prestw-490	TRUE	0	FALSE
human	Prestw-491	TRUE	9	TRUE
human	Prestw-493	TRUE	7	TRUE
human	Prestw-494	TRUE	0	FALSE
human	Prestw-496	TRUE	0	FALSE
human	Prestw-499	TRUE	0	FALSE
human	Prestw-5	TRUE	0	FALSE
human	Prestw-50	TRUE	0	FALSE
human	Prestw-500	TRUE	0	FALSE
human	Prestw-501	TRUE	0	FALSE
human	Prestw-502	TRUE	0	FALSE
human	Prestw-503	TRUE	0	FALSE
human	Prestw-504	TRUE	0	FALSE
human	Prestw-505	TRUE	0	FALSE
human	Prestw-509	TRUE	1	TRUE
human	Prestw-510	TRUE	0	FALSE
human	Prestw-511	TRUE	0	FALSE
human	Prestw-512	TRUE	3	TRUE
human	Prestw-513	TRUE	2	TRUE
human	Prestw-515	TRUE	0	FALSE
human	Prestw-516	TRUE	0	FALSE
human	Prestw-518	TRUE	0	FALSE
human	Prestw-52	TRUE	0	FALSE
human	Prestw-520	TRUE	0	FALSE
human	Prestw-527	TRUE	0	FALSE
human	Prestw-528	TRUE	0	FALSE
human	Prestw-529	TRUE	3	TRUE
human	Prestw-53	TRUE	2	TRUE
human	Prestw-533	TRUE	0	FALSE
human	Prestw-535	TRUE	0	FALSE
human	Prestw-536	TRUE	0	FALSE
human	Prestw-537	TRUE	0	FALSE
human	Prestw-538	TRUE	1	TRUE
human	Prestw-539	TRUE	0	FALSE
human	Prestw-54	TRUE	0	FALSE
human	Prestw-542	TRUE	0	FALSE
human	Prestw-543	TRUE	0	FALSE
human	Prestw-547	TRUE	0	FALSE
human	Prestw-549	TRUE	0	FALSE
human	Prestw-55	TRUE	0	FALSE
human	Prestw-552	TRUE	0	FALSE
human	Prestw-554	TRUE	0	FALSE
human	Prestw-558	TRUE	0	FALSE
human	Prestw-56	TRUE	0	FALSE
human	Prestw-560	TRUE	5	TRUE
human	Prestw-565	TRUE	0	FALSE
human	Prestw-566	TRUE	0	FALSE
human	Prestw-57	TRUE	0	FALSE
human	Prestw-571	TRUE	0	FALSE
human	Prestw-572	TRUE	1	TRUE
human	Prestw-574	TRUE	1	TRUE
human	Prestw-576	TRUE	2	TRUE
human	Prestw-58	TRUE	25	TRUE
human	Prestw-583	TRUE	0	FALSE
human	Prestw-584	TRUE	0	FALSE
human	Prestw-587	TRUE	0	FALSE
human	Prestw-588	TRUE	0	FALSE
human	Prestw-59	TRUE	0	FALSE
human	Prestw-594	TRUE	0	FALSE
human	Prestw-60	TRUE	0	FALSE
human	Prestw-607	TRUE	1	TRUE
human	Prestw-616	TRUE	1	TRUE
human	Prestw-619	TRUE	0	FALSE
human	Prestw-62	TRUE	0	FALSE
human	Prestw-623	TRUE	0	FALSE
human	Prestw-626	TRUE	0	FALSE
human	Prestw-627	TRUE	2	TRUE
human	Prestw-63	TRUE	0	FALSE
human	Prestw-630	TRUE	1	TRUE
human	Prestw-631	TRUE	0	FALSE
human	Prestw-632	TRUE	0	FALSE
human	Prestw-633	TRUE	0	FALSE
human	Prestw-64	TRUE	6	TRUE
human	Prestw-643	TRUE	0	FALSE
human	Prestw-644	TRUE	0	FALSE
human	Prestw-645	TRUE	0	FALSE
human	Prestw-65	TRUE	0	FALSE
human	Prestw-651	TRUE	0	FALSE
human	Prestw-653	TRUE	0	FALSE
human	Prestw-654	TRUE	0	FALSE
human	Prestw-655	TRUE	0	FALSE
human	Prestw-656	TRUE	0	FALSE
human	Prestw-657	TRUE	0	FALSE
human	Prestw-658	TRUE	0	FALSE
human	Prestw-66	TRUE	0	FALSE
human	Prestw-666	TRUE	0	FALSE
human	Prestw-671	TRUE	0	FALSE
human	Prestw-68	TRUE	0	FALSE
human	Prestw-683	TRUE	0	FALSE
human	Prestw-688	TRUE	1	TRUE
human	Prestw-69	TRUE	0	FALSE
human	Prestw-692	TRUE	0	FALSE
human	Prestw-693	TRUE	11	TRUE
human	Prestw-696	TRUE	0	FALSE
human	Prestw-697	TRUE	0	FALSE
human	Prestw-698	TRUE	0	FALSE
human	Prestw-699	TRUE	19	TRUE
human	Prestw-7	TRUE	0	FALSE
human	Prestw-701	TRUE	0	FALSE
human	Prestw-703	TRUE	1	TRUE
human	Prestw-704	TRUE	0	FALSE
human	Prestw-706	TRUE	1	TRUE
human	Prestw-707	TRUE	0	FALSE
human	Prestw-709	TRUE	0	FALSE
human	Prestw-712	TRUE	0	FALSE
human	Prestw-713	TRUE	0	FALSE
human	Prestw-714	TRUE	3	TRUE
human	Prestw-716	TRUE	0	FALSE
human	Prestw-717	TRUE	0	FALSE
human	Prestw-718	TRUE	1	TRUE
human	Prestw-72	TRUE	0	FALSE
human	Prestw-721	TRUE	0	FALSE
human	Prestw-725	TRUE	0	FALSE
human	Prestw-726	TRUE	0	FALSE
human	Prestw-73	TRUE	0	FALSE
human	Prestw-730	TRUE	0	FALSE
human	Prestw-732	TRUE	23	TRUE
human	Prestw-733	TRUE	0	FALSE
human	Prestw-734	TRUE	0	FALSE
human	Prestw-735	TRUE	0	FALSE
human	Prestw-738	TRUE	0	FALSE
human	Prestw-739	TRUE	0	FALSE
human	Prestw-74	TRUE	0	FALSE
human	Prestw-743	TRUE	0	FALSE
human	Prestw-746	TRUE	0	FALSE
human	Prestw-749	TRUE	0	FALSE
human	Prestw-75	TRUE	0	FALSE
human	Prestw-751	TRUE	0	FALSE
human	Prestw-752	TRUE	0	FALSE
human	Prestw-754	TRUE	0	FALSE
human	Prestw-756	TRUE	15	TRUE
human	Prestw-757	TRUE	6	TRUE
human	Prestw-759	TRUE	0	FALSE
human	Prestw-76	TRUE	0	FALSE
human	Prestw-760	TRUE	0	FALSE
human	Prestw-761	TRUE	1	TRUE
human	Prestw-763	TRUE	0	FALSE
human	Prestw-767	TRUE	1	TRUE
human	Prestw-77	TRUE	0	FALSE
human	Prestw-770	TRUE	0	FALSE
human	Prestw-771	TRUE	0	FALSE
human	Prestw-772	TRUE	2	TRUE
human	Prestw-773	TRUE	0	FALSE
human	Prestw-774	TRUE	0	FALSE
human	Prestw-776	TRUE	0	FALSE
human	Prestw-779	TRUE	0	FALSE
human	Prestw-78	TRUE	13	TRUE
human	Prestw-781	TRUE	0	FALSE
human	Prestw-784	TRUE	0	FALSE
human	Prestw-785	TRUE	10	TRUE
human	Prestw-786	TRUE	0	FALSE
human	Prestw-788	TRUE	0	FALSE
human	Prestw-789	TRUE	0	FALSE
human	Prestw-79	TRUE	0	FALSE
human	Prestw-791	TRUE	0	FALSE
human	Prestw-793	TRUE	0	FALSE
human	Prestw-795	TRUE	0	FALSE
human	Prestw-797	TRUE	1	TRUE
human	Prestw-798	TRUE	18	TRUE
human	Prestw-799	TRUE	2	TRUE
human	Prestw-80	TRUE	0	FALSE
human	Prestw-800	TRUE	0	FALSE
human	Prestw-801	TRUE	0	FALSE
human	Prestw-802	TRUE	0	FALSE
human	Prestw-803	TRUE	0	FALSE
human	Prestw-806	TRUE	0	FALSE
human	Prestw-807	TRUE	0	FALSE
human	Prestw-809	TRUE	0	FALSE
human	Prestw-812	TRUE	0	FALSE
human	Prestw-813	TRUE	0	FALSE
human	Prestw-815	TRUE	0	FALSE
human	Prestw-816	TRUE	0	FALSE
human	Prestw-818	TRUE	0	FALSE
human	Prestw-820	TRUE	0	FALSE
human	Prestw-822	TRUE	0	FALSE
human	Prestw-824	TRUE	0	FALSE
human	Prestw-825	TRUE	0	FALSE
human	Prestw-826	TRUE	0	FALSE
human	Prestw-827	TRUE	0	FALSE
human	Prestw-829	TRUE	0	FALSE
human	Prestw-83	TRUE	0	FALSE
human	Prestw-830	TRUE	5	TRUE
human	Prestw-831	TRUE	0	FALSE
human	Prestw-833	TRUE	0	FALSE
human	Prestw-836	TRUE	0	FALSE
human	Prestw-837	TRUE	2	TRUE
human	Prestw-838	TRUE	1	TRUE
human	Prestw-840	TRUE	11	TRUE
human	Prestw-842	TRUE	7	TRUE
human	Prestw-844	TRUE	0	FALSE
human	Prestw-846	TRUE	0	FALSE
human	Prestw-847	TRUE	0	FALSE
human	Prestw-848	TRUE	0	FALSE
human	Prestw-85	TRUE	0	FALSE
human	Prestw-850	TRUE	0	FALSE
human	Prestw-851	TRUE	0	FALSE
human	Prestw-853	TRUE	0	FALSE
human	Prestw-855	TRUE	0	FALSE
human	Prestw-856	TRUE	0	FALSE
human	Prestw-857	TRUE	0	FALSE
human	Prestw-858	TRUE	1	TRUE
human	Prestw-859	TRUE	0	FALSE
human	Prestw-861	TRUE	0	FALSE
human	Prestw-862	TRUE	1	TRUE
human	Prestw-863	TRUE	0	FALSE
human	Prestw-865	TRUE	3	TRUE
human	Prestw-866	TRUE	1	TRUE
human	Prestw-868	TRUE	0	FALSE
human	Prestw-87	TRUE	0	FALSE
human	Prestw-871	TRUE	0	FALSE
human	Prestw-872	TRUE	0	FALSE
human	Prestw-873	TRUE	0	FALSE
human	Prestw-874	TRUE	0	FALSE
human	Prestw-875	TRUE	1	TRUE
human	Prestw-877	TRUE	0	FALSE
human	Prestw-878	TRUE	0	FALSE
human	Prestw-88	TRUE	0	FALSE
human	Prestw-880	TRUE	0	FALSE
human	Prestw-881	TRUE	0	FALSE
human	Prestw-882	TRUE	0	FALSE
human	Prestw-888	TRUE	6	TRUE
human	Prestw-893	TRUE	0	FALSE
human	Prestw-895	TRUE	0	FALSE
human	Prestw-896	TRUE	0	FALSE
human	Prestw-899	TRUE	0	FALSE
human	Prestw-9	TRUE	0	FALSE
human	Prestw-90	TRUE	0	FALSE
human	Prestw-900	TRUE	0	FALSE
human	Prestw-901	TRUE	0	FALSE
human	Prestw-904	TRUE	0	FALSE
human	Prestw-905	TRUE	0	FALSE
human	Prestw-906	TRUE	2	TRUE
human	Prestw-907	TRUE	0	FALSE
human	Prestw-908	TRUE	0	FALSE
human	Prestw-909	TRUE	0	FALSE
human	Prestw-911	TRUE	0	FALSE
human	Prestw-912	TRUE	0	FALSE
human	Prestw-914	TRUE	0	FALSE
human	Prestw-916	TRUE	0	FALSE
human	Prestw-917	TRUE	0	FALSE
human	Prestw-918	TRUE	1	TRUE
human	Prestw-92	TRUE	0	FALSE
human	Prestw-921	TRUE	0	FALSE
human	Prestw-923	TRUE	0	FALSE
human	Prestw-927	TRUE	0	FALSE
human	Prestw-928	TRUE	2	TRUE
human	Prestw-929	TRUE	0	FALSE
human	Prestw-93	TRUE	0	FALSE
human	Prestw-930	TRUE	8	TRUE
human	Prestw-931	TRUE	0	FALSE
human	Prestw-933	TRUE	0	FALSE
human	Prestw-935	TRUE	0	FALSE
human	Prestw-937	TRUE	0	FALSE
human	Prestw-939	TRUE	0	FALSE
human	Prestw-94	TRUE	7	TRUE
human	Prestw-942	TRUE	0	FALSE
human	Prestw-943	TRUE	0	FALSE
human	Prestw-944	TRUE	0	FALSE
human	Prestw-945	TRUE	1	TRUE
human	Prestw-946	TRUE	0	FALSE
human	Prestw-947	TRUE	0	FALSE
human	Prestw-948	TRUE	0	FALSE
human	Prestw-949	TRUE	0	FALSE
human	Prestw-95	TRUE	2	TRUE
human	Prestw-953	TRUE	0	FALSE
human	Prestw-954	TRUE	0	FALSE
human	Prestw-956	TRUE	0	FALSE
human	Prestw-957	TRUE	0	FALSE
human	Prestw-958	TRUE	0	FALSE
human	Prestw-959	TRUE	0	FALSE
human	Prestw-96	TRUE	0	FALSE
human	Prestw-960	TRUE	0	FALSE
human	Prestw-966	TRUE	0	FALSE
human	Prestw-968	TRUE	0	FALSE
human	Prestw-971	TRUE	0	FALSE
human	Prestw-973	TRUE	0	FALSE
human	Prestw-975	TRUE	1	TRUE
human	Prestw-978	TRUE	0	FALSE
human	Prestw-979	TRUE	0	FALSE
human	Prestw-980	TRUE	0	FALSE
human	Prestw-982	TRUE	0	FALSE
human	Prestw-986	TRUE	0	FALSE
human	Prestw-99	TRUE	0	FALSE
human	Prestw-991	TRUE	1	TRUE
human	Prestw-992	TRUE	1	TRUE
human	Prestw-994	TRUE	1	TRUE
human	Prestw-995	TRUE	0	FALSE
human	Prestw-997	TRUE	0	FALSE
human	Prestw-998	TRUE	7	TRUE
metazoan parasites	Prestw-1040	TRUE	15	TRUE
metazoan parasites	Prestw-1416	TRUE	0	FALSE
metazoan parasites	Prestw-156	TRUE	5	TRUE
metazoan parasites	Prestw-182	TRUE	0	FALSE
metazoan parasites	Prestw-210	TRUE	2	TRUE
metazoan parasites	Prestw-212	TRUE	0	FALSE
metazoan parasites	Prestw-217	TRUE	0	FALSE
metazoan parasites	Prestw-247	TRUE	2	TRUE
metazoan parasites	Prestw-260	TRUE	0	FALSE
metazoan parasites	Prestw-284	TRUE	0	FALSE
metazoan parasites	Prestw-355	TRUE	6	TRUE
metazoan parasites	Prestw-398	TRUE	0	FALSE
metazoan parasites	Prestw-40	TRUE	36	TRUE
metazoan parasites	Prestw-469	TRUE	39	TRUE
metazoan parasites	Prestw-51	TRUE	1	TRUE
metazoan parasites	Prestw-545	TRUE	0	FALSE
metazoan parasites	Prestw-660	TRUE	11	TRUE
metazoan parasites	Prestw-936	TRUE	0	FALSE
metazoan parasites	Prestw-97	TRUE	1	TRUE
not a drug	Prestw-1007	FALSE	0	FALSE
not a drug	Prestw-1008	FALSE	0	FALSE
not a drug	Prestw-1026	FALSE	0	FALSE
not a drug	Prestw-1048	FALSE	0	FALSE
not a drug	Prestw-1054	FALSE	0	FALSE
not a drug	Prestw-1071	FALSE	0	FALSE
not a drug	Prestw-1087	FALSE	0	FALSE
not a drug	Prestw-1090	FALSE	0	FALSE
not a drug	Prestw-1177	FALSE	0	FALSE
not a drug	Prestw-1195	FALSE	7	TRUE
not a drug	Prestw-123	FALSE	0	FALSE
not a drug	Prestw-1292	FALSE	0	FALSE
not a drug	Prestw-1325	FALSE	0	FALSE
not a drug	Prestw-1351	FALSE	4	TRUE
not a drug	Prestw-1387	FALSE	0	FALSE
not a drug	Prestw-1435	FALSE	0	FALSE
not a drug	Prestw-1602	FALSE	3	TRUE
not a drug	Prestw-181	FALSE	0	FALSE
not a drug	Prestw-189	FALSE	0	FALSE
not a drug	Prestw-2	FALSE	0	FALSE
not a drug	Prestw-200	FALSE	0	FALSE
not a drug	Prestw-30	FALSE	0	FALSE
not a drug	Prestw-300	FALSE	0	FALSE
not a drug	Prestw-328	FALSE	0	FALSE
not a drug	Prestw-331	FALSE	0	FALSE
not a drug	Prestw-335	FALSE	0	FALSE
not a drug	Prestw-338	FALSE	1	TRUE
not a drug	Prestw-356	FALSE	0	FALSE
not a drug	Prestw-38	FALSE	0	FALSE
not a drug	Prestw-393	FALSE	0	FALSE
not a drug	Prestw-400	FALSE	0	FALSE
not a drug	Prestw-405	FALSE	0	FALSE
not a drug	Prestw-406	FALSE	0	FALSE
not a drug	Prestw-413	FALSE	0	FALSE
not a drug	Prestw-432	FALSE	0	FALSE
not a drug	Prestw-443	FALSE	0	FALSE
not a drug	Prestw-481	FALSE	0	FALSE
not a drug	Prestw-530	FALSE	0	FALSE
not a drug	Prestw-531	FALSE	0	FALSE
not a drug	Prestw-532	FALSE	0	FALSE
not a drug	Prestw-546	FALSE	0	FALSE
not a drug	Prestw-550	FALSE	0	FALSE
not a drug	Prestw-559	FALSE	0	FALSE
not a drug	Prestw-617	FALSE	0	FALSE
not a drug	Prestw-641	FALSE	0	FALSE
not a drug	Prestw-652	FALSE	0	FALSE
not a drug	Prestw-659	FALSE	0	FALSE
not a drug	Prestw-676	FALSE	0	FALSE
not a drug	Prestw-71	FALSE	0	FALSE
not a drug	Prestw-722	FALSE	0	FALSE
not a drug	Prestw-737	FALSE	0	FALSE
not a drug	Prestw-740	FALSE	31	TRUE
not a drug	Prestw-741	FALSE	0	FALSE
not a drug	Prestw-750	FALSE	0	FALSE
not a drug	Prestw-765	FALSE	0	FALSE
not a drug	Prestw-778	FALSE	4	TRUE
not a drug	Prestw-783	FALSE	0	FALSE
not a drug	Prestw-790	FALSE	0	FALSE
not a drug	Prestw-792	FALSE	6	TRUE
not a drug	Prestw-794	FALSE	0	FALSE
not a drug	Prestw-796	FALSE	0	FALSE
not a drug	Prestw-835	FALSE	0	FALSE
not a drug	Prestw-845	FALSE	1	TRUE
not a drug	Prestw-860	FALSE	0	FALSE
not a drug	Prestw-864	FALSE	0	FALSE
not a drug	Prestw-870	FALSE	1	TRUE
not a drug	Prestw-883	FALSE	0	FALSE
not a drug	Prestw-887	FALSE	0	FALSE
not a drug	Prestw-894	FALSE	1	TRUE
not a drug	Prestw-898	FALSE	0	FALSE
not a drug	Prestw-91	FALSE	0	FALSE
not a drug	Prestw-910	FALSE	0	FALSE
not a drug	Prestw-915	FALSE	0	FALSE
not a drug	Prestw-920	FALSE	0	FALSE
not a drug	Prestw-922	FALSE	0	FALSE
not a drug	Prestw-924	FALSE	0	FALSE
not a drug	Prestw-926	FALSE	0	FALSE
not a drug	Prestw-932	FALSE	0	FALSE
not a drug	Prestw-938	FALSE	0	FALSE
not a drug	Prestw-941	FALSE	0	FALSE
not a drug	Prestw-961	FALSE	0	FALSE
not a drug	Prestw-972	FALSE	0	FALSE
not a drug	Prestw-974	FALSE	0	FALSE
not a drug	Prestw-976	FALSE	1	TRUE
not a drug	Prestw-977	FALSE	0	FALSE
not a drug	Prestw-98	FALSE	0	FALSE
not a drug	Prestw-981	FALSE	0	FALSE
not a drug	Prestw-983	FALSE	0	FALSE
protozoa	Prestw-1024	TRUE	33	TRUE
protozoa	Prestw-1031	TRUE	5	TRUE
protozoa	Prestw-126	TRUE	13	TRUE
protozoa	Prestw-1284	TRUE	0	FALSE
protozoa	Prestw-1340	TRUE	33	TRUE
protozoa	Prestw-280	TRUE	0	FALSE
protozoa	Prestw-309	TRUE	3	TRUE
protozoa	Prestw-318	TRUE	5	TRUE
protozoa	Prestw-37	TRUE	19	TRUE
protozoa	Prestw-476	TRUE	0	FALSE
protozoa	Prestw-492	TRUE	35	TRUE
protozoa	Prestw-498	TRUE	1	TRUE
protozoa	Prestw-534	TRUE	2	TRUE
protozoa	Prestw-548	TRUE	0	FALSE
protozoa	Prestw-553	TRUE	32	TRUE
protozoa	Prestw-649	TRUE	0	FALSE
protozoa	Prestw-884	TRUE	0	FALSE
protozoa	Prestw-886	TRUE	29	TRUE
protozoa	Prestw-903	TRUE	1	TRUE
protozoa	Prestw-999	TRUE	0	FALSE
veterinary: host animal	Prestw-1022	FALSE	0	FALSE
veterinary: host animal	Prestw-1117	FALSE	0	FALSE
veterinary: host animal	Prestw-1261	FALSE	0	FALSE
veterinary: host animal	Prestw-598	FALSE	0	FALSE
veterinary: host animal	Prestw-6	FALSE	0	FALSE
veterinary: host animal	Prestw-744	FALSE	2	TRUE
veterinary: host animal	Prestw-963	FALSE	13	TRUE
veterinary: infections	Prestw-1005	FALSE	7	TRUE
veterinary: infections	Prestw-1094	FALSE	0	FALSE
veterinary: infections	Prestw-1121	FALSE	39	TRUE
veterinary: infections	Prestw-1353	FALSE	37	TRUE
veterinary: infections	Prestw-222	FALSE	0	FALSE
veterinary: infections	Prestw-522	FALSE	35	TRUE
veterinary: infections	Prestw-715	FALSE	0	FALSE
veterinary: infections	Prestw-748	FALSE	33	TRUE
veterinary: infections	Prestw-764	FALSE	38	TRUE
veterinary: infections	Prestw-823	FALSE	1	TRUE
veterinary: infections	Prestw-834	FALSE	37	TRUE
veterinary: infections	Prestw-955	FALSE	40	TRUE
veterinary: metazoan parasites	Prestw-1110	FALSE	5	TRUE
veterinary: metazoan parasites	Prestw-1115	FALSE	35	TRUE
veterinary: metazoan parasites	Prestw-1385	FALSE	36	TRUE
veterinary: metazoan parasites	Prestw-1394	FALSE	9	TRUE
veterinary: metazoan parasites	Prestw-1459	FALSE	0	FALSE
veterinary: metazoan parasites	Prestw-1460	FALSE	1	TRUE
veterinary: metazoan parasites	Prestw-540	FALSE	0	FALSE
veterinary: metazoan parasites	Prestw-61	FALSE	0	FALSE
veterinary: metazoan parasites	Prestw-731	FALSE	0	FALSE
veterinary: metazoan parasites	Prestw-8	FALSE	0	FALSE
veterinary: metazoan parasites	Prestw-951	FALSE	0	FALSE
viruses	Prestw-1037	TRUE	0	FALSE
viruses	Prestw-1056	TRUE	11	TRUE
viruses	Prestw-1114	TRUE	4	TRUE
viruses	Prestw-1249	TRUE	0	FALSE
viruses	Prestw-1279	TRUE	0	FALSE
viruses	Prestw-1291	TRUE	1	TRUE
viruses	Prestw-1298	TRUE	0	FALSE
viruses	Prestw-1331	TRUE	0	FALSE
viruses	Prestw-1400	TRUE	10	TRUE
viruses	Prestw-1488	TRUE	0	FALSE
viruses	Prestw-1505	TRUE	0	FALSE
viruses	Prestw-1512	TRUE	1	TRUE
viruses	Prestw-153	TRUE	0	FALSE
viruses	Prestw-1604	TRUE	0	FALSE
viruses	Prestw-18	TRUE	5	TRUE
viruses	Prestw-333	TRUE	12	TRUE
viruses	Prestw-768	TRUE	1	TRUE
viruses	Prestw-782	TRUE	0	FALSE
viruses	Prestw-839	TRUE	0	FALSE
viruses	Prestw-84	TRUE	0	FALSE
viruses	Prestw-86	TRUE	0	FALSE
viruses	Prestw-993	TRUE	3	TRUE
